-- JP Taxi seed data (~100 rows per table, generated from DB.sql schema)
SET client_encoding TO 'UTF8';

-- admin
INSERT INTO admin (username, password_hash, role) VALUES ('admin1', '$2a$10$lCQpNF9iSt1J2BxYrjv.1.ZSnl7iTnazMo3kXmwCSKBulPEwtQOMi', 'super');
INSERT INTO admin (username, password_hash, role) VALUES ('mod1', '$2a$10$dOqgeeFpW7cWlVfmiyfJVeWz3ItokJt93ZvWaaSIDcrd0tEKpxcLS', 'mod');
INSERT INTO admin (username, password_hash, role) VALUES ('mod2', '$2a$10$dOqgeeFpW7cWlVfmiyfJVeWz3ItokJt93ZvWaaSIDcrd0tEKpxcLS', 'mod');
INSERT INTO admin (username, password_hash, role) VALUES ('mod3', '$2a$10$dOqgeeFpW7cWlVfmiyfJVeWz3ItokJt93ZvWaaSIDcrd0tEKpxcLS', 'mod');
INSERT INTO admin (username, password_hash, role) VALUES ('mod4', '$2a$10$dOqgeeFpW7cWlVfmiyfJVeWz3ItokJt93ZvWaaSIDcrd0tEKpxcLS', 'mod');
INSERT INTO admin (username, password_hash, role) VALUES ('admin6', '$2a$10$ok4KGT8OL/XYoc02v0sbeuCI5KJx179z91xxYT8ncmR3pkDM62mY.', 'support');
INSERT INTO admin (username, password_hash, role) VALUES ('admin7', '$2a$10$ok4KGT8OL/XYoc02v0sbeuCI5KJx179z91xxYT8ncmR3pkDM62mY.', 'support');
INSERT INTO admin (username, password_hash, role) VALUES ('admin8', '$2a$10$ok4KGT8OL/XYoc02v0sbeuCI5KJx179z91xxYT8ncmR3pkDM62mY.', 'support');
INSERT INTO admin (username, password_hash, role) VALUES ('admin9', '$2a$10$ok4KGT8OL/XYoc02v0sbeuCI5KJx179z91xxYT8ncmR3pkDM62mY.', 'support');
INSERT INTO admin (username, password_hash, role) VALUES ('admin10', '$2a$10$ok4KGT8OL/XYoc02v0sbeuCI5KJx179z91xxYT8ncmR3pkDM62mY.', 'support');
INSERT INTO admin (username, password_hash, role) VALUES ('admin11', '$2a$10$ok4KGT8OL/XYoc02v0sbeuCI5KJx179z91xxYT8ncmR3pkDM62mY.', 'support');
INSERT INTO admin (username, password_hash, role) VALUES ('admin12', '$2a$10$ok4KGT8OL/XYoc02v0sbeuCI5KJx179z91xxYT8ncmR3pkDM62mY.', 'support');
INSERT INTO admin (username, password_hash, role) VALUES ('admin13', '$2a$10$ok4KGT8OL/XYoc02v0sbeuCI5KJx179z91xxYT8ncmR3pkDM62mY.', 'support');
INSERT INTO admin (username, password_hash, role) VALUES ('admin14', '$2a$10$ok4KGT8OL/XYoc02v0sbeuCI5KJx179z91xxYT8ncmR3pkDM62mY.', 'support');
INSERT INTO admin (username, password_hash, role) VALUES ('admin15', '$2a$10$ok4KGT8OL/XYoc02v0sbeuCI5KJx179z91xxYT8ncmR3pkDM62mY.', 'support');
INSERT INTO admin (username, password_hash, role) VALUES ('admin16', '$2a$10$ok4KGT8OL/XYoc02v0sbeuCI5KJx179z91xxYT8ncmR3pkDM62mY.', 'support');
INSERT INTO admin (username, password_hash, role) VALUES ('admin17', '$2a$10$ok4KGT8OL/XYoc02v0sbeuCI5KJx179z91xxYT8ncmR3pkDM62mY.', 'support');
INSERT INTO admin (username, password_hash, role) VALUES ('admin18', '$2a$10$ok4KGT8OL/XYoc02v0sbeuCI5KJx179z91xxYT8ncmR3pkDM62mY.', 'support');
INSERT INTO admin (username, password_hash, role) VALUES ('admin19', '$2a$10$ok4KGT8OL/XYoc02v0sbeuCI5KJx179z91xxYT8ncmR3pkDM62mY.', 'support');
INSERT INTO admin (username, password_hash, role) VALUES ('admin20', '$2a$10$ok4KGT8OL/XYoc02v0sbeuCI5KJx179z91xxYT8ncmR3pkDM62mY.', 'support');
INSERT INTO admin (username, password_hash, role) VALUES ('admin21', '$2a$10$ok4KGT8OL/XYoc02v0sbeuCI5KJx179z91xxYT8ncmR3pkDM62mY.', 'support');
INSERT INTO admin (username, password_hash, role) VALUES ('admin22', '$2a$10$ok4KGT8OL/XYoc02v0sbeuCI5KJx179z91xxYT8ncmR3pkDM62mY.', 'support');
INSERT INTO admin (username, password_hash, role) VALUES ('admin23', '$2a$10$ok4KGT8OL/XYoc02v0sbeuCI5KJx179z91xxYT8ncmR3pkDM62mY.', 'support');
INSERT INTO admin (username, password_hash, role) VALUES ('admin24', '$2a$10$ok4KGT8OL/XYoc02v0sbeuCI5KJx179z91xxYT8ncmR3pkDM62mY.', 'support');
INSERT INTO admin (username, password_hash, role) VALUES ('admin25', '$2a$10$ok4KGT8OL/XYoc02v0sbeuCI5KJx179z91xxYT8ncmR3pkDM62mY.', 'support');
INSERT INTO admin (username, password_hash, role) VALUES ('admin26', '$2a$10$ok4KGT8OL/XYoc02v0sbeuCI5KJx179z91xxYT8ncmR3pkDM62mY.', 'support');
INSERT INTO admin (username, password_hash, role) VALUES ('admin27', '$2a$10$ok4KGT8OL/XYoc02v0sbeuCI5KJx179z91xxYT8ncmR3pkDM62mY.', 'support');
INSERT INTO admin (username, password_hash, role) VALUES ('admin28', '$2a$10$ok4KGT8OL/XYoc02v0sbeuCI5KJx179z91xxYT8ncmR3pkDM62mY.', 'support');
INSERT INTO admin (username, password_hash, role) VALUES ('admin29', '$2a$10$ok4KGT8OL/XYoc02v0sbeuCI5KJx179z91xxYT8ncmR3pkDM62mY.', 'support');
INSERT INTO admin (username, password_hash, role) VALUES ('admin30', '$2a$10$ok4KGT8OL/XYoc02v0sbeuCI5KJx179z91xxYT8ncmR3pkDM62mY.', 'support');
INSERT INTO admin (username, password_hash, role) VALUES ('admin31', '$2a$10$ok4KGT8OL/XYoc02v0sbeuCI5KJx179z91xxYT8ncmR3pkDM62mY.', 'support');
INSERT INTO admin (username, password_hash, role) VALUES ('admin32', '$2a$10$ok4KGT8OL/XYoc02v0sbeuCI5KJx179z91xxYT8ncmR3pkDM62mY.', 'support');
INSERT INTO admin (username, password_hash, role) VALUES ('admin33', '$2a$10$ok4KGT8OL/XYoc02v0sbeuCI5KJx179z91xxYT8ncmR3pkDM62mY.', 'support');
INSERT INTO admin (username, password_hash, role) VALUES ('admin34', '$2a$10$ok4KGT8OL/XYoc02v0sbeuCI5KJx179z91xxYT8ncmR3pkDM62mY.', 'support');
INSERT INTO admin (username, password_hash, role) VALUES ('admin35', '$2a$10$ok4KGT8OL/XYoc02v0sbeuCI5KJx179z91xxYT8ncmR3pkDM62mY.', 'support');
INSERT INTO admin (username, password_hash, role) VALUES ('admin36', '$2a$10$ok4KGT8OL/XYoc02v0sbeuCI5KJx179z91xxYT8ncmR3pkDM62mY.', 'support');
INSERT INTO admin (username, password_hash, role) VALUES ('admin37', '$2a$10$ok4KGT8OL/XYoc02v0sbeuCI5KJx179z91xxYT8ncmR3pkDM62mY.', 'support');
INSERT INTO admin (username, password_hash, role) VALUES ('admin38', '$2a$10$ok4KGT8OL/XYoc02v0sbeuCI5KJx179z91xxYT8ncmR3pkDM62mY.', 'support');
INSERT INTO admin (username, password_hash, role) VALUES ('admin39', '$2a$10$ok4KGT8OL/XYoc02v0sbeuCI5KJx179z91xxYT8ncmR3pkDM62mY.', 'support');
INSERT INTO admin (username, password_hash, role) VALUES ('admin40', '$2a$10$ok4KGT8OL/XYoc02v0sbeuCI5KJx179z91xxYT8ncmR3pkDM62mY.', 'support');
INSERT INTO admin (username, password_hash, role) VALUES ('admin41', '$2a$10$ok4KGT8OL/XYoc02v0sbeuCI5KJx179z91xxYT8ncmR3pkDM62mY.', 'support');
INSERT INTO admin (username, password_hash, role) VALUES ('admin42', '$2a$10$ok4KGT8OL/XYoc02v0sbeuCI5KJx179z91xxYT8ncmR3pkDM62mY.', 'support');
INSERT INTO admin (username, password_hash, role) VALUES ('admin43', '$2a$10$ok4KGT8OL/XYoc02v0sbeuCI5KJx179z91xxYT8ncmR3pkDM62mY.', 'support');
INSERT INTO admin (username, password_hash, role) VALUES ('admin44', '$2a$10$ok4KGT8OL/XYoc02v0sbeuCI5KJx179z91xxYT8ncmR3pkDM62mY.', 'support');
INSERT INTO admin (username, password_hash, role) VALUES ('admin45', '$2a$10$ok4KGT8OL/XYoc02v0sbeuCI5KJx179z91xxYT8ncmR3pkDM62mY.', 'support');
INSERT INTO admin (username, password_hash, role) VALUES ('admin46', '$2a$10$ok4KGT8OL/XYoc02v0sbeuCI5KJx179z91xxYT8ncmR3pkDM62mY.', 'support');
INSERT INTO admin (username, password_hash, role) VALUES ('admin47', '$2a$10$ok4KGT8OL/XYoc02v0sbeuCI5KJx179z91xxYT8ncmR3pkDM62mY.', 'support');
INSERT INTO admin (username, password_hash, role) VALUES ('admin48', '$2a$10$ok4KGT8OL/XYoc02v0sbeuCI5KJx179z91xxYT8ncmR3pkDM62mY.', 'support');
INSERT INTO admin (username, password_hash, role) VALUES ('admin49', '$2a$10$ok4KGT8OL/XYoc02v0sbeuCI5KJx179z91xxYT8ncmR3pkDM62mY.', 'support');
INSERT INTO admin (username, password_hash, role) VALUES ('admin50', '$2a$10$ok4KGT8OL/XYoc02v0sbeuCI5KJx179z91xxYT8ncmR3pkDM62mY.', 'support');
INSERT INTO admin (username, password_hash, role) VALUES ('admin51', '$2a$10$ok4KGT8OL/XYoc02v0sbeuCI5KJx179z91xxYT8ncmR3pkDM62mY.', 'support');
INSERT INTO admin (username, password_hash, role) VALUES ('admin52', '$2a$10$ok4KGT8OL/XYoc02v0sbeuCI5KJx179z91xxYT8ncmR3pkDM62mY.', 'support');
INSERT INTO admin (username, password_hash, role) VALUES ('admin53', '$2a$10$ok4KGT8OL/XYoc02v0sbeuCI5KJx179z91xxYT8ncmR3pkDM62mY.', 'support');
INSERT INTO admin (username, password_hash, role) VALUES ('admin54', '$2a$10$ok4KGT8OL/XYoc02v0sbeuCI5KJx179z91xxYT8ncmR3pkDM62mY.', 'support');
INSERT INTO admin (username, password_hash, role) VALUES ('admin55', '$2a$10$ok4KGT8OL/XYoc02v0sbeuCI5KJx179z91xxYT8ncmR3pkDM62mY.', 'support');
INSERT INTO admin (username, password_hash, role) VALUES ('admin56', '$2a$10$ok4KGT8OL/XYoc02v0sbeuCI5KJx179z91xxYT8ncmR3pkDM62mY.', 'support');
INSERT INTO admin (username, password_hash, role) VALUES ('admin57', '$2a$10$ok4KGT8OL/XYoc02v0sbeuCI5KJx179z91xxYT8ncmR3pkDM62mY.', 'support');
INSERT INTO admin (username, password_hash, role) VALUES ('admin58', '$2a$10$ok4KGT8OL/XYoc02v0sbeuCI5KJx179z91xxYT8ncmR3pkDM62mY.', 'support');
INSERT INTO admin (username, password_hash, role) VALUES ('admin59', '$2a$10$ok4KGT8OL/XYoc02v0sbeuCI5KJx179z91xxYT8ncmR3pkDM62mY.', 'support');
INSERT INTO admin (username, password_hash, role) VALUES ('admin60', '$2a$10$ok4KGT8OL/XYoc02v0sbeuCI5KJx179z91xxYT8ncmR3pkDM62mY.', 'support');
INSERT INTO admin (username, password_hash, role) VALUES ('admin61', '$2a$10$ok4KGT8OL/XYoc02v0sbeuCI5KJx179z91xxYT8ncmR3pkDM62mY.', 'support');
INSERT INTO admin (username, password_hash, role) VALUES ('admin62', '$2a$10$ok4KGT8OL/XYoc02v0sbeuCI5KJx179z91xxYT8ncmR3pkDM62mY.', 'support');
INSERT INTO admin (username, password_hash, role) VALUES ('admin63', '$2a$10$ok4KGT8OL/XYoc02v0sbeuCI5KJx179z91xxYT8ncmR3pkDM62mY.', 'support');
INSERT INTO admin (username, password_hash, role) VALUES ('admin64', '$2a$10$ok4KGT8OL/XYoc02v0sbeuCI5KJx179z91xxYT8ncmR3pkDM62mY.', 'support');
INSERT INTO admin (username, password_hash, role) VALUES ('admin65', '$2a$10$ok4KGT8OL/XYoc02v0sbeuCI5KJx179z91xxYT8ncmR3pkDM62mY.', 'support');
INSERT INTO admin (username, password_hash, role) VALUES ('admin66', '$2a$10$ok4KGT8OL/XYoc02v0sbeuCI5KJx179z91xxYT8ncmR3pkDM62mY.', 'support');
INSERT INTO admin (username, password_hash, role) VALUES ('admin67', '$2a$10$ok4KGT8OL/XYoc02v0sbeuCI5KJx179z91xxYT8ncmR3pkDM62mY.', 'support');
INSERT INTO admin (username, password_hash, role) VALUES ('admin68', '$2a$10$ok4KGT8OL/XYoc02v0sbeuCI5KJx179z91xxYT8ncmR3pkDM62mY.', 'support');
INSERT INTO admin (username, password_hash, role) VALUES ('admin69', '$2a$10$ok4KGT8OL/XYoc02v0sbeuCI5KJx179z91xxYT8ncmR3pkDM62mY.', 'support');
INSERT INTO admin (username, password_hash, role) VALUES ('admin70', '$2a$10$ok4KGT8OL/XYoc02v0sbeuCI5KJx179z91xxYT8ncmR3pkDM62mY.', 'support');
INSERT INTO admin (username, password_hash, role) VALUES ('admin71', '$2a$10$ok4KGT8OL/XYoc02v0sbeuCI5KJx179z91xxYT8ncmR3pkDM62mY.', 'support');
INSERT INTO admin (username, password_hash, role) VALUES ('admin72', '$2a$10$ok4KGT8OL/XYoc02v0sbeuCI5KJx179z91xxYT8ncmR3pkDM62mY.', 'support');
INSERT INTO admin (username, password_hash, role) VALUES ('admin73', '$2a$10$ok4KGT8OL/XYoc02v0sbeuCI5KJx179z91xxYT8ncmR3pkDM62mY.', 'support');
INSERT INTO admin (username, password_hash, role) VALUES ('admin74', '$2a$10$ok4KGT8OL/XYoc02v0sbeuCI5KJx179z91xxYT8ncmR3pkDM62mY.', 'support');
INSERT INTO admin (username, password_hash, role) VALUES ('admin75', '$2a$10$ok4KGT8OL/XYoc02v0sbeuCI5KJx179z91xxYT8ncmR3pkDM62mY.', 'support');
INSERT INTO admin (username, password_hash, role) VALUES ('admin76', '$2a$10$ok4KGT8OL/XYoc02v0sbeuCI5KJx179z91xxYT8ncmR3pkDM62mY.', 'support');
INSERT INTO admin (username, password_hash, role) VALUES ('admin77', '$2a$10$ok4KGT8OL/XYoc02v0sbeuCI5KJx179z91xxYT8ncmR3pkDM62mY.', 'support');
INSERT INTO admin (username, password_hash, role) VALUES ('admin78', '$2a$10$ok4KGT8OL/XYoc02v0sbeuCI5KJx179z91xxYT8ncmR3pkDM62mY.', 'support');
INSERT INTO admin (username, password_hash, role) VALUES ('admin79', '$2a$10$ok4KGT8OL/XYoc02v0sbeuCI5KJx179z91xxYT8ncmR3pkDM62mY.', 'support');
INSERT INTO admin (username, password_hash, role) VALUES ('admin80', '$2a$10$ok4KGT8OL/XYoc02v0sbeuCI5KJx179z91xxYT8ncmR3pkDM62mY.', 'support');
INSERT INTO admin (username, password_hash, role) VALUES ('admin81', '$2a$10$ok4KGT8OL/XYoc02v0sbeuCI5KJx179z91xxYT8ncmR3pkDM62mY.', 'support');
INSERT INTO admin (username, password_hash, role) VALUES ('admin82', '$2a$10$ok4KGT8OL/XYoc02v0sbeuCI5KJx179z91xxYT8ncmR3pkDM62mY.', 'support');
INSERT INTO admin (username, password_hash, role) VALUES ('admin83', '$2a$10$ok4KGT8OL/XYoc02v0sbeuCI5KJx179z91xxYT8ncmR3pkDM62mY.', 'support');
INSERT INTO admin (username, password_hash, role) VALUES ('admin84', '$2a$10$ok4KGT8OL/XYoc02v0sbeuCI5KJx179z91xxYT8ncmR3pkDM62mY.', 'support');
INSERT INTO admin (username, password_hash, role) VALUES ('admin85', '$2a$10$ok4KGT8OL/XYoc02v0sbeuCI5KJx179z91xxYT8ncmR3pkDM62mY.', 'support');
INSERT INTO admin (username, password_hash, role) VALUES ('admin86', '$2a$10$ok4KGT8OL/XYoc02v0sbeuCI5KJx179z91xxYT8ncmR3pkDM62mY.', 'support');
INSERT INTO admin (username, password_hash, role) VALUES ('admin87', '$2a$10$ok4KGT8OL/XYoc02v0sbeuCI5KJx179z91xxYT8ncmR3pkDM62mY.', 'support');
INSERT INTO admin (username, password_hash, role) VALUES ('admin88', '$2a$10$ok4KGT8OL/XYoc02v0sbeuCI5KJx179z91xxYT8ncmR3pkDM62mY.', 'support');
INSERT INTO admin (username, password_hash, role) VALUES ('admin89', '$2a$10$ok4KGT8OL/XYoc02v0sbeuCI5KJx179z91xxYT8ncmR3pkDM62mY.', 'support');
INSERT INTO admin (username, password_hash, role) VALUES ('admin90', '$2a$10$ok4KGT8OL/XYoc02v0sbeuCI5KJx179z91xxYT8ncmR3pkDM62mY.', 'support');
INSERT INTO admin (username, password_hash, role) VALUES ('admin91', '$2a$10$ok4KGT8OL/XYoc02v0sbeuCI5KJx179z91xxYT8ncmR3pkDM62mY.', 'support');
INSERT INTO admin (username, password_hash, role) VALUES ('admin92', '$2a$10$ok4KGT8OL/XYoc02v0sbeuCI5KJx179z91xxYT8ncmR3pkDM62mY.', 'support');
INSERT INTO admin (username, password_hash, role) VALUES ('admin93', '$2a$10$ok4KGT8OL/XYoc02v0sbeuCI5KJx179z91xxYT8ncmR3pkDM62mY.', 'support');
INSERT INTO admin (username, password_hash, role) VALUES ('admin94', '$2a$10$ok4KGT8OL/XYoc02v0sbeuCI5KJx179z91xxYT8ncmR3pkDM62mY.', 'support');
INSERT INTO admin (username, password_hash, role) VALUES ('admin95', '$2a$10$ok4KGT8OL/XYoc02v0sbeuCI5KJx179z91xxYT8ncmR3pkDM62mY.', 'support');
INSERT INTO admin (username, password_hash, role) VALUES ('admin96', '$2a$10$ok4KGT8OL/XYoc02v0sbeuCI5KJx179z91xxYT8ncmR3pkDM62mY.', 'support');
INSERT INTO admin (username, password_hash, role) VALUES ('admin97', '$2a$10$ok4KGT8OL/XYoc02v0sbeuCI5KJx179z91xxYT8ncmR3pkDM62mY.', 'support');
INSERT INTO admin (username, password_hash, role) VALUES ('admin98', '$2a$10$ok4KGT8OL/XYoc02v0sbeuCI5KJx179z91xxYT8ncmR3pkDM62mY.', 'support');
INSERT INTO admin (username, password_hash, role) VALUES ('admin99', '$2a$10$ok4KGT8OL/XYoc02v0sbeuCI5KJx179z91xxYT8ncmR3pkDM62mY.', 'support');
INSERT INTO admin (username, password_hash, role) VALUES ('admin100', '$2a$10$ok4KGT8OL/XYoc02v0sbeuCI5KJx179z91xxYT8ncmR3pkDM62mY.', 'support');

-- customer
INSERT INTO customer (last_name, first_name, gender, birth_date, phone, email, password_hash, is_email_verified, is_phone_verified) VALUES ('Trần', 'An', 'Male', '1997-05-04', '0300000001', 'customer1@jptaxi.dev', '$2a$10$ok4KGT8OL/XYoc02v0sbeuCI5KJx179z91xxYT8ncmR3pkDM62mY.', TRUE, TRUE);
INSERT INTO customer (last_name, first_name, gender, birth_date, phone, email, password_hash, is_email_verified, is_phone_verified) VALUES ('田中', '健一', 'Other', '1989-08-07', '0300000002', 'customer2@jptaxi.dev', '$2a$10$ok4KGT8OL/XYoc02v0sbeuCI5KJx179z91xxYT8ncmR3pkDM62mY.', TRUE, TRUE);
INSERT INTO customer (last_name, first_name, gender, birth_date, phone, email, password_hash, is_email_verified, is_phone_verified) VALUES ('Đỗ', 'Bình', 'Male', '2003-12-05', '0300000003', 'customer3@jptaxi.dev', '$2a$10$ok4KGT8OL/XYoc02v0sbeuCI5KJx179z91xxYT8ncmR3pkDM62mY.', FALSE, TRUE);
INSERT INTO customer (last_name, first_name, gender, birth_date, phone, email, password_hash, is_email_verified, is_phone_verified) VALUES ('佐藤', '花子', 'Male', '1994-10-23', '0300000004', 'customer4@jptaxi.dev', '$2a$10$ok4KGT8OL/XYoc02v0sbeuCI5KJx179z91xxYT8ncmR3pkDM62mY.', TRUE, FALSE);
INSERT INTO customer (last_name, first_name, gender, birth_date, phone, email, password_hash, is_email_verified, is_phone_verified) VALUES ('Đỗ', 'Quân', 'Other', '1986-03-11', '0300000005', 'customer5@jptaxi.dev', '$2a$10$ok4KGT8OL/XYoc02v0sbeuCI5KJx179z91xxYT8ncmR3pkDM62mY.', TRUE, TRUE);
INSERT INTO customer (last_name, first_name, gender, birth_date, phone, email, password_hash, is_email_verified, is_phone_verified) VALUES ('田中', '大輔', 'Male', '2003-10-27', '0300000006', 'customer6@jptaxi.dev', '$2a$10$ok4KGT8OL/XYoc02v0sbeuCI5KJx179z91xxYT8ncmR3pkDM62mY.', FALSE, TRUE);
INSERT INTO customer (last_name, first_name, gender, birth_date, phone, email, password_hash, is_email_verified, is_phone_verified) VALUES ('Bùi', 'Quân', 'Male', '1997-06-24', '0300000007', 'customer7@jptaxi.dev', '$2a$10$ok4KGT8OL/XYoc02v0sbeuCI5KJx179z91xxYT8ncmR3pkDM62mY.', TRUE, TRUE);
INSERT INTO customer (last_name, first_name, gender, birth_date, phone, email, password_hash, is_email_verified, is_phone_verified) VALUES ('高橋', '陽介', 'Female', '2000-04-06', '0300000008', 'customer8@jptaxi.dev', '$2a$10$ok4KGT8OL/XYoc02v0sbeuCI5KJx179z91xxYT8ncmR3pkDM62mY.', TRUE, FALSE);
INSERT INTO customer (last_name, first_name, gender, birth_date, phone, email, password_hash, is_email_verified, is_phone_verified) VALUES ('Lê', 'Dũng', 'Male', '2000-02-06', '0300000009', 'customer9@jptaxi.dev', '$2a$10$ok4KGT8OL/XYoc02v0sbeuCI5KJx179z91xxYT8ncmR3pkDM62mY.', FALSE, TRUE);
INSERT INTO customer (last_name, first_name, gender, birth_date, phone, email, password_hash, is_email_verified, is_phone_verified) VALUES ('鈴木', '陽介', 'Female', '1989-05-04', '0300000010', 'customer10@jptaxi.dev', '$2a$10$ok4KGT8OL/XYoc02v0sbeuCI5KJx179z91xxYT8ncmR3pkDM62mY.', TRUE, TRUE);
INSERT INTO customer (last_name, first_name, gender, birth_date, phone, email, password_hash, is_email_verified, is_phone_verified) VALUES ('Vũ', 'Quân', 'Male', '1996-11-12', '0300000011', 'customer11@jptaxi.dev', '$2a$10$ok4KGT8OL/XYoc02v0sbeuCI5KJx179z91xxYT8ncmR3pkDM62mY.', TRUE, TRUE);
INSERT INTO customer (last_name, first_name, gender, birth_date, phone, email, password_hash, is_email_verified, is_phone_verified) VALUES ('中村', '大輔', 'Female', '1990-08-08', '0300000012', 'customer12@jptaxi.dev', '$2a$10$ok4KGT8OL/XYoc02v0sbeuCI5KJx179z91xxYT8ncmR3pkDM62mY.', FALSE, FALSE);
INSERT INTO customer (last_name, first_name, gender, birth_date, phone, email, password_hash, is_email_verified, is_phone_verified) VALUES ('Trần', 'Phương', 'Other', '1998-02-25', '0300000013', 'customer13@jptaxi.dev', '$2a$10$ok4KGT8OL/XYoc02v0sbeuCI5KJx179z91xxYT8ncmR3pkDM62mY.', TRUE, TRUE);
INSERT INTO customer (last_name, first_name, gender, birth_date, phone, email, password_hash, is_email_verified, is_phone_verified) VALUES ('加藤', '結衣', 'Other', '1993-08-17', '0300000014', 'customer14@jptaxi.dev', '$2a$10$ok4KGT8OL/XYoc02v0sbeuCI5KJx179z91xxYT8ncmR3pkDM62mY.', TRUE, TRUE);
INSERT INTO customer (last_name, first_name, gender, birth_date, phone, email, password_hash, is_email_verified, is_phone_verified) VALUES ('Trần', 'An', 'Female', '1995-03-23', '0300000015', 'customer15@jptaxi.dev', '$2a$10$ok4KGT8OL/XYoc02v0sbeuCI5KJx179z91xxYT8ncmR3pkDM62mY.', FALSE, TRUE);
INSERT INTO customer (last_name, first_name, gender, birth_date, phone, email, password_hash, is_email_verified, is_phone_verified) VALUES ('鈴木', '美咲', 'Female', '1989-07-13', '0300000016', 'customer16@jptaxi.dev', '$2a$10$ok4KGT8OL/XYoc02v0sbeuCI5KJx179z91xxYT8ncmR3pkDM62mY.', TRUE, FALSE);
INSERT INTO customer (last_name, first_name, gender, birth_date, phone, email, password_hash, is_email_verified, is_phone_verified) VALUES ('Hoàng', 'Nam', 'Male', '2001-05-14', '0300000017', 'customer17@jptaxi.dev', '$2a$10$ok4KGT8OL/XYoc02v0sbeuCI5KJx179z91xxYT8ncmR3pkDM62mY.', TRUE, TRUE);
INSERT INTO customer (last_name, first_name, gender, birth_date, phone, email, password_hash, is_email_verified, is_phone_verified) VALUES ('伊藤', '結衣', 'Other', '1994-05-26', '0300000018', 'customer18@jptaxi.dev', '$2a$10$ok4KGT8OL/XYoc02v0sbeuCI5KJx179z91xxYT8ncmR3pkDM62mY.', FALSE, TRUE);
INSERT INTO customer (last_name, first_name, gender, birth_date, phone, email, password_hash, is_email_verified, is_phone_verified) VALUES ('Hoàng', 'Bình', 'Other', '1992-09-04', '0300000019', 'customer19@jptaxi.dev', '$2a$10$ok4KGT8OL/XYoc02v0sbeuCI5KJx179z91xxYT8ncmR3pkDM62mY.', TRUE, TRUE);
INSERT INTO customer (last_name, first_name, gender, birth_date, phone, email, password_hash, is_email_verified, is_phone_verified) VALUES ('田中', '健一', 'Female', '2005-09-26', '0300000020', 'customer20@jptaxi.dev', '$2a$10$ok4KGT8OL/XYoc02v0sbeuCI5KJx179z91xxYT8ncmR3pkDM62mY.', TRUE, FALSE);
INSERT INTO customer (last_name, first_name, gender, birth_date, phone, email, password_hash, is_email_verified, is_phone_verified) VALUES ('Hoàng', 'Phương', 'Other', '1994-11-08', '0300000021', 'customer21@jptaxi.dev', '$2a$10$ok4KGT8OL/XYoc02v0sbeuCI5KJx179z91xxYT8ncmR3pkDM62mY.', FALSE, TRUE);
INSERT INTO customer (last_name, first_name, gender, birth_date, phone, email, password_hash, is_email_verified, is_phone_verified) VALUES ('伊藤', '太郎', 'Male', '1995-04-11', '0300000022', 'customer22@jptaxi.dev', '$2a$10$ok4KGT8OL/XYoc02v0sbeuCI5KJx179z91xxYT8ncmR3pkDM62mY.', TRUE, TRUE);
INSERT INTO customer (last_name, first_name, gender, birth_date, phone, email, password_hash, is_email_verified, is_phone_verified) VALUES ('Vũ', 'Minh', 'Male', '1997-01-04', '0300000023', 'customer23@jptaxi.dev', '$2a$10$ok4KGT8OL/XYoc02v0sbeuCI5KJx179z91xxYT8ncmR3pkDM62mY.', TRUE, TRUE);
INSERT INTO customer (last_name, first_name, gender, birth_date, phone, email, password_hash, is_email_verified, is_phone_verified) VALUES ('田中', '愛', 'Male', '1999-02-12', '0300000024', 'customer24@jptaxi.dev', '$2a$10$ok4KGT8OL/XYoc02v0sbeuCI5KJx179z91xxYT8ncmR3pkDM62mY.', FALSE, FALSE);
INSERT INTO customer (last_name, first_name, gender, birth_date, phone, email, password_hash, is_email_verified, is_phone_verified) VALUES ('Bùi', 'Minh', 'Male', '2005-08-01', '0300000025', 'customer25@jptaxi.dev', '$2a$10$ok4KGT8OL/XYoc02v0sbeuCI5KJx179z91xxYT8ncmR3pkDM62mY.', TRUE, TRUE);
INSERT INTO customer (last_name, first_name, gender, birth_date, phone, email, password_hash, is_email_verified, is_phone_verified) VALUES ('渡辺', '健一', 'Other', '1996-01-24', '0300000026', 'customer26@jptaxi.dev', '$2a$10$ok4KGT8OL/XYoc02v0sbeuCI5KJx179z91xxYT8ncmR3pkDM62mY.', TRUE, TRUE);
INSERT INTO customer (last_name, first_name, gender, birth_date, phone, email, password_hash, is_email_verified, is_phone_verified) VALUES ('Đỗ', 'Phương', 'Other', '1996-10-14', '0300000027', 'customer27@jptaxi.dev', '$2a$10$ok4KGT8OL/XYoc02v0sbeuCI5KJx179z91xxYT8ncmR3pkDM62mY.', FALSE, TRUE);
INSERT INTO customer (last_name, first_name, gender, birth_date, phone, email, password_hash, is_email_verified, is_phone_verified) VALUES ('加藤', '陽介', 'Female', '2002-12-01', '0300000028', 'customer28@jptaxi.dev', '$2a$10$ok4KGT8OL/XYoc02v0sbeuCI5KJx179z91xxYT8ncmR3pkDM62mY.', TRUE, FALSE);
INSERT INTO customer (last_name, first_name, gender, birth_date, phone, email, password_hash, is_email_verified, is_phone_verified) VALUES ('Phạm', 'Chi', 'Female', '2007-11-10', '0300000029', 'customer29@jptaxi.dev', '$2a$10$ok4KGT8OL/XYoc02v0sbeuCI5KJx179z91xxYT8ncmR3pkDM62mY.', TRUE, TRUE);
INSERT INTO customer (last_name, first_name, gender, birth_date, phone, email, password_hash, is_email_verified, is_phone_verified) VALUES ('鈴木', '太郎', 'Male', '1989-12-02', '0300000030', 'customer30@jptaxi.dev', '$2a$10$ok4KGT8OL/XYoc02v0sbeuCI5KJx179z91xxYT8ncmR3pkDM62mY.', FALSE, TRUE);
INSERT INTO customer (last_name, first_name, gender, birth_date, phone, email, password_hash, is_email_verified, is_phone_verified) VALUES ('Lê', 'Minh', 'Female', '1987-11-07', '0300000031', 'customer31@jptaxi.dev', '$2a$10$ok4KGT8OL/XYoc02v0sbeuCI5KJx179z91xxYT8ncmR3pkDM62mY.', TRUE, TRUE);
INSERT INTO customer (last_name, first_name, gender, birth_date, phone, email, password_hash, is_email_verified, is_phone_verified) VALUES ('山本', '愛', 'Other', '2005-12-30', '0300000032', 'customer32@jptaxi.dev', '$2a$10$ok4KGT8OL/XYoc02v0sbeuCI5KJx179z91xxYT8ncmR3pkDM62mY.', TRUE, FALSE);
INSERT INTO customer (last_name, first_name, gender, birth_date, phone, email, password_hash, is_email_verified, is_phone_verified) VALUES ('Hoàng', 'Phương', 'Other', '1985-07-08', '0300000033', 'customer33@jptaxi.dev', '$2a$10$ok4KGT8OL/XYoc02v0sbeuCI5KJx179z91xxYT8ncmR3pkDM62mY.', FALSE, TRUE);
INSERT INTO customer (last_name, first_name, gender, birth_date, phone, email, password_hash, is_email_verified, is_phone_verified) VALUES ('鈴木', '大輔', 'Other', '1996-12-20', '0300000034', 'customer34@jptaxi.dev', '$2a$10$ok4KGT8OL/XYoc02v0sbeuCI5KJx179z91xxYT8ncmR3pkDM62mY.', TRUE, TRUE);
INSERT INTO customer (last_name, first_name, gender, birth_date, phone, email, password_hash, is_email_verified, is_phone_verified) VALUES ('Vũ', 'Bình', 'Female', '1998-03-02', '0300000035', 'customer35@jptaxi.dev', '$2a$10$ok4KGT8OL/XYoc02v0sbeuCI5KJx179z91xxYT8ncmR3pkDM62mY.', TRUE, TRUE);
INSERT INTO customer (last_name, first_name, gender, birth_date, phone, email, password_hash, is_email_verified, is_phone_verified) VALUES ('高橋', 'さくら', 'Other', '1985-02-23', '0300000036', 'customer36@jptaxi.dev', '$2a$10$ok4KGT8OL/XYoc02v0sbeuCI5KJx179z91xxYT8ncmR3pkDM62mY.', FALSE, FALSE);
INSERT INTO customer (last_name, first_name, gender, birth_date, phone, email, password_hash, is_email_verified, is_phone_verified) VALUES ('Hoàng', 'Phương', 'Other', '1993-01-06', '0300000037', 'customer37@jptaxi.dev', '$2a$10$ok4KGT8OL/XYoc02v0sbeuCI5KJx179z91xxYT8ncmR3pkDM62mY.', TRUE, TRUE);
INSERT INTO customer (last_name, first_name, gender, birth_date, phone, email, password_hash, is_email_verified, is_phone_verified) VALUES ('鈴木', '翔太', 'Other', '2007-10-10', '0300000038', 'customer38@jptaxi.dev', '$2a$10$ok4KGT8OL/XYoc02v0sbeuCI5KJx179z91xxYT8ncmR3pkDM62mY.', TRUE, TRUE);
INSERT INTO customer (last_name, first_name, gender, birth_date, phone, email, password_hash, is_email_verified, is_phone_verified) VALUES ('Phạm', 'Chi', 'Male', '2001-10-10', '0300000039', 'customer39@jptaxi.dev', '$2a$10$ok4KGT8OL/XYoc02v0sbeuCI5KJx179z91xxYT8ncmR3pkDM62mY.', FALSE, TRUE);
INSERT INTO customer (last_name, first_name, gender, birth_date, phone, email, password_hash, is_email_verified, is_phone_verified) VALUES ('小林', '大輔', 'Other', '1985-01-10', '0300000040', 'customer40@jptaxi.dev', '$2a$10$ok4KGT8OL/XYoc02v0sbeuCI5KJx179z91xxYT8ncmR3pkDM62mY.', TRUE, FALSE);
INSERT INTO customer (last_name, first_name, gender, birth_date, phone, email, password_hash, is_email_verified, is_phone_verified) VALUES ('Vũ', 'Nam', 'Male', '1985-11-16', '0300000041', 'customer41@jptaxi.dev', '$2a$10$ok4KGT8OL/XYoc02v0sbeuCI5KJx179z91xxYT8ncmR3pkDM62mY.', TRUE, TRUE);
INSERT INTO customer (last_name, first_name, gender, birth_date, phone, email, password_hash, is_email_verified, is_phone_verified) VALUES ('伊藤', '翔太', 'Male', '1995-09-29', '0300000042', 'customer42@jptaxi.dev', '$2a$10$ok4KGT8OL/XYoc02v0sbeuCI5KJx179z91xxYT8ncmR3pkDM62mY.', FALSE, TRUE);
INSERT INTO customer (last_name, first_name, gender, birth_date, phone, email, password_hash, is_email_verified, is_phone_verified) VALUES ('Phạm', 'Quân', 'Male', '1988-07-14', '0300000043', 'customer43@jptaxi.dev', '$2a$10$ok4KGT8OL/XYoc02v0sbeuCI5KJx179z91xxYT8ncmR3pkDM62mY.', TRUE, TRUE);
INSERT INTO customer (last_name, first_name, gender, birth_date, phone, email, password_hash, is_email_verified, is_phone_verified) VALUES ('中村', '花子', 'Male', '2008-11-23', '0300000044', 'customer44@jptaxi.dev', '$2a$10$ok4KGT8OL/XYoc02v0sbeuCI5KJx179z91xxYT8ncmR3pkDM62mY.', TRUE, FALSE);
INSERT INTO customer (last_name, first_name, gender, birth_date, phone, email, password_hash, is_email_verified, is_phone_verified) VALUES ('Lê', 'Nam', 'Female', '1992-05-29', '0300000045', 'customer45@jptaxi.dev', '$2a$10$ok4KGT8OL/XYoc02v0sbeuCI5KJx179z91xxYT8ncmR3pkDM62mY.', FALSE, TRUE);
INSERT INTO customer (last_name, first_name, gender, birth_date, phone, email, password_hash, is_email_verified, is_phone_verified) VALUES ('小林', '愛', 'Male', '2003-12-25', '0300000046', 'customer46@jptaxi.dev', '$2a$10$ok4KGT8OL/XYoc02v0sbeuCI5KJx179z91xxYT8ncmR3pkDM62mY.', TRUE, TRUE);
INSERT INTO customer (last_name, first_name, gender, birth_date, phone, email, password_hash, is_email_verified, is_phone_verified) VALUES ('Đỗ', 'Dũng', 'Female', '1998-12-26', '0300000047', 'customer47@jptaxi.dev', '$2a$10$ok4KGT8OL/XYoc02v0sbeuCI5KJx179z91xxYT8ncmR3pkDM62mY.', TRUE, TRUE);
INSERT INTO customer (last_name, first_name, gender, birth_date, phone, email, password_hash, is_email_verified, is_phone_verified) VALUES ('伊藤', 'さくら', 'Female', '2008-03-20', '0300000048', 'customer48@jptaxi.dev', '$2a$10$ok4KGT8OL/XYoc02v0sbeuCI5KJx179z91xxYT8ncmR3pkDM62mY.', FALSE, FALSE);
INSERT INTO customer (last_name, first_name, gender, birth_date, phone, email, password_hash, is_email_verified, is_phone_verified) VALUES ('Trần', 'Dũng', 'Male', '1995-01-30', '0300000049', 'customer49@jptaxi.dev', '$2a$10$ok4KGT8OL/XYoc02v0sbeuCI5KJx179z91xxYT8ncmR3pkDM62mY.', TRUE, TRUE);
INSERT INTO customer (last_name, first_name, gender, birth_date, phone, email, password_hash, is_email_verified, is_phone_verified) VALUES ('伊藤', '太郎', 'Other', '1995-04-29', '0300000050', 'customer50@jptaxi.dev', '$2a$10$ok4KGT8OL/XYoc02v0sbeuCI5KJx179z91xxYT8ncmR3pkDM62mY.', TRUE, TRUE);
INSERT INTO customer (last_name, first_name, gender, birth_date, phone, email, password_hash, is_email_verified, is_phone_verified) VALUES ('Phạm', 'An', 'Other', '1988-03-09', '0300000051', 'customer51@jptaxi.dev', '$2a$10$ok4KGT8OL/XYoc02v0sbeuCI5KJx179z91xxYT8ncmR3pkDM62mY.', FALSE, TRUE);
INSERT INTO customer (last_name, first_name, gender, birth_date, phone, email, password_hash, is_email_verified, is_phone_verified) VALUES ('佐藤', '美咲', 'Male', '1988-01-10', '0300000052', 'customer52@jptaxi.dev', '$2a$10$ok4KGT8OL/XYoc02v0sbeuCI5KJx179z91xxYT8ncmR3pkDM62mY.', TRUE, FALSE);
INSERT INTO customer (last_name, first_name, gender, birth_date, phone, email, password_hash, is_email_verified, is_phone_verified) VALUES ('Vũ', 'Bình', 'Male', '2008-01-24', '0300000053', 'customer53@jptaxi.dev', '$2a$10$ok4KGT8OL/XYoc02v0sbeuCI5KJx179z91xxYT8ncmR3pkDM62mY.', TRUE, TRUE);
INSERT INTO customer (last_name, first_name, gender, birth_date, phone, email, password_hash, is_email_verified, is_phone_verified) VALUES ('渡辺', 'さくら', 'Other', '1994-08-12', '0300000054', 'customer54@jptaxi.dev', '$2a$10$ok4KGT8OL/XYoc02v0sbeuCI5KJx179z91xxYT8ncmR3pkDM62mY.', FALSE, TRUE);
INSERT INTO customer (last_name, first_name, gender, birth_date, phone, email, password_hash, is_email_verified, is_phone_verified) VALUES ('Lê', 'Quân', 'Male', '2006-03-16', '0300000055', 'customer55@jptaxi.dev', '$2a$10$ok4KGT8OL/XYoc02v0sbeuCI5KJx179z91xxYT8ncmR3pkDM62mY.', TRUE, TRUE);
INSERT INTO customer (last_name, first_name, gender, birth_date, phone, email, password_hash, is_email_verified, is_phone_verified) VALUES ('中村', '陽介', 'Male', '1993-07-17', '0300000056', 'customer56@jptaxi.dev', '$2a$10$ok4KGT8OL/XYoc02v0sbeuCI5KJx179z91xxYT8ncmR3pkDM62mY.', TRUE, FALSE);
INSERT INTO customer (last_name, first_name, gender, birth_date, phone, email, password_hash, is_email_verified, is_phone_verified) VALUES ('Trần', 'Minh', 'Female', '2000-11-22', '0300000057', 'customer57@jptaxi.dev', '$2a$10$ok4KGT8OL/XYoc02v0sbeuCI5KJx179z91xxYT8ncmR3pkDM62mY.', FALSE, TRUE);
INSERT INTO customer (last_name, first_name, gender, birth_date, phone, email, password_hash, is_email_verified, is_phone_verified) VALUES ('山本', 'さくら', 'Other', '1987-06-07', '0300000058', 'customer58@jptaxi.dev', '$2a$10$ok4KGT8OL/XYoc02v0sbeuCI5KJx179z91xxYT8ncmR3pkDM62mY.', TRUE, TRUE);
INSERT INTO customer (last_name, first_name, gender, birth_date, phone, email, password_hash, is_email_verified, is_phone_verified) VALUES ('Trần', 'An', 'Other', '2003-01-23', '0300000059', 'customer59@jptaxi.dev', '$2a$10$ok4KGT8OL/XYoc02v0sbeuCI5KJx179z91xxYT8ncmR3pkDM62mY.', TRUE, TRUE);
INSERT INTO customer (last_name, first_name, gender, birth_date, phone, email, password_hash, is_email_verified, is_phone_verified) VALUES ('伊藤', '花子', 'Male', '1996-02-26', '0300000060', 'customer60@jptaxi.dev', '$2a$10$ok4KGT8OL/XYoc02v0sbeuCI5KJx179z91xxYT8ncmR3pkDM62mY.', FALSE, FALSE);
INSERT INTO customer (last_name, first_name, gender, birth_date, phone, email, password_hash, is_email_verified, is_phone_verified) VALUES ('Phạm', 'Phương', 'Male', '2005-02-15', '0300000061', 'customer61@jptaxi.dev', '$2a$10$ok4KGT8OL/XYoc02v0sbeuCI5KJx179z91xxYT8ncmR3pkDM62mY.', TRUE, TRUE);
INSERT INTO customer (last_name, first_name, gender, birth_date, phone, email, password_hash, is_email_verified, is_phone_verified) VALUES ('山本', '健一', 'Female', '1997-06-30', '0300000062', 'customer62@jptaxi.dev', '$2a$10$ok4KGT8OL/XYoc02v0sbeuCI5KJx179z91xxYT8ncmR3pkDM62mY.', TRUE, TRUE);
INSERT INTO customer (last_name, first_name, gender, birth_date, phone, email, password_hash, is_email_verified, is_phone_verified) VALUES ('Phạm', 'Bình', 'Other', '2004-11-17', '0300000063', 'customer63@jptaxi.dev', '$2a$10$ok4KGT8OL/XYoc02v0sbeuCI5KJx179z91xxYT8ncmR3pkDM62mY.', FALSE, TRUE);
INSERT INTO customer (last_name, first_name, gender, birth_date, phone, email, password_hash, is_email_verified, is_phone_verified) VALUES ('鈴木', '太郎', 'Male', '2009-04-01', '0300000064', 'customer64@jptaxi.dev', '$2a$10$ok4KGT8OL/XYoc02v0sbeuCI5KJx179z91xxYT8ncmR3pkDM62mY.', TRUE, FALSE);
INSERT INTO customer (last_name, first_name, gender, birth_date, phone, email, password_hash, is_email_verified, is_phone_verified) VALUES ('Trần', 'Dũng', 'Female', '1992-06-17', '0300000065', 'customer65@jptaxi.dev', '$2a$10$ok4KGT8OL/XYoc02v0sbeuCI5KJx179z91xxYT8ncmR3pkDM62mY.', TRUE, TRUE);
INSERT INTO customer (last_name, first_name, gender, birth_date, phone, email, password_hash, is_email_verified, is_phone_verified) VALUES ('中村', 'さくら', 'Female', '1994-08-04', '0300000066', 'customer66@jptaxi.dev', '$2a$10$ok4KGT8OL/XYoc02v0sbeuCI5KJx179z91xxYT8ncmR3pkDM62mY.', FALSE, TRUE);
INSERT INTO customer (last_name, first_name, gender, birth_date, phone, email, password_hash, is_email_verified, is_phone_verified) VALUES ('Nguyễn', 'Chi', 'Male', '2002-01-01', '0300000067', 'customer67@jptaxi.dev', '$2a$10$ok4KGT8OL/XYoc02v0sbeuCI5KJx179z91xxYT8ncmR3pkDM62mY.', TRUE, TRUE);
INSERT INTO customer (last_name, first_name, gender, birth_date, phone, email, password_hash, is_email_verified, is_phone_verified) VALUES ('山本', '翔太', 'Female', '2005-05-30', '0300000068', 'customer68@jptaxi.dev', '$2a$10$ok4KGT8OL/XYoc02v0sbeuCI5KJx179z91xxYT8ncmR3pkDM62mY.', TRUE, FALSE);
INSERT INTO customer (last_name, first_name, gender, birth_date, phone, email, password_hash, is_email_verified, is_phone_verified) VALUES ('Đặng', 'Phương', 'Male', '2006-10-31', '0300000069', 'customer69@jptaxi.dev', '$2a$10$ok4KGT8OL/XYoc02v0sbeuCI5KJx179z91xxYT8ncmR3pkDM62mY.', FALSE, TRUE);
INSERT INTO customer (last_name, first_name, gender, birth_date, phone, email, password_hash, is_email_verified, is_phone_verified) VALUES ('田中', '翔太', 'Male', '1994-10-07', '0300000070', 'customer70@jptaxi.dev', '$2a$10$ok4KGT8OL/XYoc02v0sbeuCI5KJx179z91xxYT8ncmR3pkDM62mY.', TRUE, TRUE);
INSERT INTO customer (last_name, first_name, gender, birth_date, phone, email, password_hash, is_email_verified, is_phone_verified) VALUES ('Hà', 'Phương', 'Other', '1987-09-26', '0300000071', 'customer71@jptaxi.dev', '$2a$10$ok4KGT8OL/XYoc02v0sbeuCI5KJx179z91xxYT8ncmR3pkDM62mY.', TRUE, TRUE);
INSERT INTO customer (last_name, first_name, gender, birth_date, phone, email, password_hash, is_email_verified, is_phone_verified) VALUES ('伊藤', '太郎', 'Other', '1987-04-02', '0300000072', 'customer72@jptaxi.dev', '$2a$10$ok4KGT8OL/XYoc02v0sbeuCI5KJx179z91xxYT8ncmR3pkDM62mY.', FALSE, FALSE);
INSERT INTO customer (last_name, first_name, gender, birth_date, phone, email, password_hash, is_email_verified, is_phone_verified) VALUES ('Bùi', 'Phương', 'Male', '2008-10-28', '0300000073', 'customer73@jptaxi.dev', '$2a$10$ok4KGT8OL/XYoc02v0sbeuCI5KJx179z91xxYT8ncmR3pkDM62mY.', TRUE, TRUE);
INSERT INTO customer (last_name, first_name, gender, birth_date, phone, email, password_hash, is_email_verified, is_phone_verified) VALUES ('佐藤', '大輔', 'Male', '1988-08-05', '0300000074', 'customer74@jptaxi.dev', '$2a$10$ok4KGT8OL/XYoc02v0sbeuCI5KJx179z91xxYT8ncmR3pkDM62mY.', TRUE, TRUE);
INSERT INTO customer (last_name, first_name, gender, birth_date, phone, email, password_hash, is_email_verified, is_phone_verified) VALUES ('Trần', 'Quân', 'Other', '1988-01-19', '0300000075', 'customer75@jptaxi.dev', '$2a$10$ok4KGT8OL/XYoc02v0sbeuCI5KJx179z91xxYT8ncmR3pkDM62mY.', FALSE, TRUE);
INSERT INTO customer (last_name, first_name, gender, birth_date, phone, email, password_hash, is_email_verified, is_phone_verified) VALUES ('田中', '陽介', 'Other', '1990-05-19', '0300000076', 'customer76@jptaxi.dev', '$2a$10$ok4KGT8OL/XYoc02v0sbeuCI5KJx179z91xxYT8ncmR3pkDM62mY.', TRUE, FALSE);
INSERT INTO customer (last_name, first_name, gender, birth_date, phone, email, password_hash, is_email_verified, is_phone_verified) VALUES ('Phạm', 'Quân', 'Other', '1986-10-14', '0300000077', 'customer77@jptaxi.dev', '$2a$10$ok4KGT8OL/XYoc02v0sbeuCI5KJx179z91xxYT8ncmR3pkDM62mY.', TRUE, TRUE);
INSERT INTO customer (last_name, first_name, gender, birth_date, phone, email, password_hash, is_email_verified, is_phone_verified) VALUES ('鈴木', '陽介', 'Female', '2008-06-14', '0300000078', 'customer78@jptaxi.dev', '$2a$10$ok4KGT8OL/XYoc02v0sbeuCI5KJx179z91xxYT8ncmR3pkDM62mY.', FALSE, TRUE);
INSERT INTO customer (last_name, first_name, gender, birth_date, phone, email, password_hash, is_email_verified, is_phone_verified) VALUES ('Hoàng', 'Dũng', 'Male', '1999-02-04', '0300000079', 'customer79@jptaxi.dev', '$2a$10$ok4KGT8OL/XYoc02v0sbeuCI5KJx179z91xxYT8ncmR3pkDM62mY.', TRUE, TRUE);
INSERT INTO customer (last_name, first_name, gender, birth_date, phone, email, password_hash, is_email_verified, is_phone_verified) VALUES ('渡辺', '陽介', 'Other', '1990-11-15', '0300000080', 'customer80@jptaxi.dev', '$2a$10$ok4KGT8OL/XYoc02v0sbeuCI5KJx179z91xxYT8ncmR3pkDM62mY.', TRUE, FALSE);
INSERT INTO customer (last_name, first_name, gender, birth_date, phone, email, password_hash, is_email_verified, is_phone_verified) VALUES ('Hoàng', 'Nam', 'Male', '1999-03-09', '0300000081', 'customer81@jptaxi.dev', '$2a$10$ok4KGT8OL/XYoc02v0sbeuCI5KJx179z91xxYT8ncmR3pkDM62mY.', FALSE, TRUE);
INSERT INTO customer (last_name, first_name, gender, birth_date, phone, email, password_hash, is_email_verified, is_phone_verified) VALUES ('佐藤', 'さくら', 'Male', '1989-06-27', '0300000082', 'customer82@jptaxi.dev', '$2a$10$ok4KGT8OL/XYoc02v0sbeuCI5KJx179z91xxYT8ncmR3pkDM62mY.', TRUE, TRUE);
INSERT INTO customer (last_name, first_name, gender, birth_date, phone, email, password_hash, is_email_verified, is_phone_verified) VALUES ('Đỗ', 'Dũng', 'Female', '2007-09-11', '0300000083', 'customer83@jptaxi.dev', '$2a$10$ok4KGT8OL/XYoc02v0sbeuCI5KJx179z91xxYT8ncmR3pkDM62mY.', TRUE, TRUE);
INSERT INTO customer (last_name, first_name, gender, birth_date, phone, email, password_hash, is_email_verified, is_phone_verified) VALUES ('高橋', '結衣', 'Male', '1988-02-02', '0300000084', 'customer84@jptaxi.dev', '$2a$10$ok4KGT8OL/XYoc02v0sbeuCI5KJx179z91xxYT8ncmR3pkDM62mY.', FALSE, FALSE);
INSERT INTO customer (last_name, first_name, gender, birth_date, phone, email, password_hash, is_email_verified, is_phone_verified) VALUES ('Vũ', 'Hà', 'Female', '1992-01-29', '0300000085', 'customer85@jptaxi.dev', '$2a$10$ok4KGT8OL/XYoc02v0sbeuCI5KJx179z91xxYT8ncmR3pkDM62mY.', TRUE, TRUE);
INSERT INTO customer (last_name, first_name, gender, birth_date, phone, email, password_hash, is_email_verified, is_phone_verified) VALUES ('小林', '翔太', 'Male', '2008-09-23', '0300000086', 'customer86@jptaxi.dev', '$2a$10$ok4KGT8OL/XYoc02v0sbeuCI5KJx179z91xxYT8ncmR3pkDM62mY.', TRUE, TRUE);
INSERT INTO customer (last_name, first_name, gender, birth_date, phone, email, password_hash, is_email_verified, is_phone_verified) VALUES ('Đỗ', 'Hà', 'Male', '1989-08-25', '0300000087', 'customer87@jptaxi.dev', '$2a$10$ok4KGT8OL/XYoc02v0sbeuCI5KJx179z91xxYT8ncmR3pkDM62mY.', FALSE, TRUE);
INSERT INTO customer (last_name, first_name, gender, birth_date, phone, email, password_hash, is_email_verified, is_phone_verified) VALUES ('渡辺', '花子', 'Other', '1989-10-20', '0300000088', 'customer88@jptaxi.dev', '$2a$10$ok4KGT8OL/XYoc02v0sbeuCI5KJx179z91xxYT8ncmR3pkDM62mY.', TRUE, FALSE);
INSERT INTO customer (last_name, first_name, gender, birth_date, phone, email, password_hash, is_email_verified, is_phone_verified) VALUES ('Đỗ', 'Chi', 'Female', '1997-03-21', '0300000089', 'customer89@jptaxi.dev', '$2a$10$ok4KGT8OL/XYoc02v0sbeuCI5KJx179z91xxYT8ncmR3pkDM62mY.', TRUE, TRUE);
INSERT INTO customer (last_name, first_name, gender, birth_date, phone, email, password_hash, is_email_verified, is_phone_verified) VALUES ('加藤', '美咲', 'Male', '2000-05-19', '0300000090', 'customer90@jptaxi.dev', '$2a$10$ok4KGT8OL/XYoc02v0sbeuCI5KJx179z91xxYT8ncmR3pkDM62mY.', FALSE, TRUE);
INSERT INTO customer (last_name, first_name, gender, birth_date, phone, email, password_hash, is_email_verified, is_phone_verified) VALUES ('Hoàng', 'Phương', 'Female', '2006-12-01', '0300000091', 'customer91@jptaxi.dev', '$2a$10$ok4KGT8OL/XYoc02v0sbeuCI5KJx179z91xxYT8ncmR3pkDM62mY.', TRUE, TRUE);
INSERT INTO customer (last_name, first_name, gender, birth_date, phone, email, password_hash, is_email_verified, is_phone_verified) VALUES ('佐藤', '花子', 'Female', '2004-01-01', '0300000092', 'customer92@jptaxi.dev', '$2a$10$ok4KGT8OL/XYoc02v0sbeuCI5KJx179z91xxYT8ncmR3pkDM62mY.', TRUE, FALSE);
INSERT INTO customer (last_name, first_name, gender, birth_date, phone, email, password_hash, is_email_verified, is_phone_verified) VALUES ('Nguyễn', 'An', 'Male', '1999-12-18', '0300000093', 'customer93@jptaxi.dev', '$2a$10$ok4KGT8OL/XYoc02v0sbeuCI5KJx179z91xxYT8ncmR3pkDM62mY.', FALSE, TRUE);
INSERT INTO customer (last_name, first_name, gender, birth_date, phone, email, password_hash, is_email_verified, is_phone_verified) VALUES ('渡辺', '健一', 'Other', '2004-10-27', '0300000094', 'customer94@jptaxi.dev', '$2a$10$ok4KGT8OL/XYoc02v0sbeuCI5KJx179z91xxYT8ncmR3pkDM62mY.', TRUE, TRUE);
INSERT INTO customer (last_name, first_name, gender, birth_date, phone, email, password_hash, is_email_verified, is_phone_verified) VALUES ('Đặng', 'Phương', 'Male', '1985-06-08', '0300000095', 'customer95@jptaxi.dev', '$2a$10$ok4KGT8OL/XYoc02v0sbeuCI5KJx179z91xxYT8ncmR3pkDM62mY.', TRUE, TRUE);
INSERT INTO customer (last_name, first_name, gender, birth_date, phone, email, password_hash, is_email_verified, is_phone_verified) VALUES ('鈴木', '健一', 'Male', '2009-06-22', '0300000096', 'customer96@jptaxi.dev', '$2a$10$ok4KGT8OL/XYoc02v0sbeuCI5KJx179z91xxYT8ncmR3pkDM62mY.', FALSE, FALSE);
INSERT INTO customer (last_name, first_name, gender, birth_date, phone, email, password_hash, is_email_verified, is_phone_verified) VALUES ('Vũ', 'Quân', 'Female', '1991-08-24', '0300000097', 'customer97@jptaxi.dev', '$2a$10$ok4KGT8OL/XYoc02v0sbeuCI5KJx179z91xxYT8ncmR3pkDM62mY.', TRUE, TRUE);
INSERT INTO customer (last_name, first_name, gender, birth_date, phone, email, password_hash, is_email_verified, is_phone_verified) VALUES ('高橋', '太郎', 'Female', '1998-10-30', '0300000098', 'customer98@jptaxi.dev', '$2a$10$ok4KGT8OL/XYoc02v0sbeuCI5KJx179z91xxYT8ncmR3pkDM62mY.', TRUE, TRUE);
INSERT INTO customer (last_name, first_name, gender, birth_date, phone, email, password_hash, is_email_verified, is_phone_verified) VALUES ('Nguyễn', 'Lan', 'Other', '1994-06-04', '0300000099', 'customer99@jptaxi.dev', '$2a$10$ok4KGT8OL/XYoc02v0sbeuCI5KJx179z91xxYT8ncmR3pkDM62mY.', FALSE, TRUE);
INSERT INTO customer (last_name, first_name, gender, birth_date, phone, email, password_hash, is_email_verified, is_phone_verified) VALUES ('田中', '花子', 'Other', '2000-11-12', '0300000100', 'customer100@jptaxi.dev', '$2a$10$ok4KGT8OL/XYoc02v0sbeuCI5KJx179z91xxYT8ncmR3pkDM62mY.', TRUE, FALSE);

-- driver
INSERT INTO driver (last_name, first_name, gender, birth_date, phone, email, password_hash, nationality, id_number, is_email_verified, is_phone_verified, status, approved_by, approved_at, driver_japanese_level) VALUES ('Đặng', 'Quân', 'Male', '1986-12-07', '0700000001', 'driver1@jptaxi.dev', '$2a$10$ok4KGT8OL/XYoc02v0sbeuCI5KJx179z91xxYT8ncmR3pkDM62mY.', 'Vietnam', '904745462', TRUE, TRUE, 'approved', 2, '2026-01-16T00:00:00+00', 'N4');
INSERT INTO driver (last_name, first_name, gender, birth_date, phone, email, password_hash, nationality, id_number, is_email_verified, is_phone_verified, status, approved_by, approved_at, driver_japanese_level) VALUES ('山本', '太郎', 'Female', '1988-01-17', '0700000002', 'driver2@jptaxi.dev', '$2a$10$ok4KGT8OL/XYoc02v0sbeuCI5KJx179z91xxYT8ncmR3pkDM62mY.', 'Japan', 'JP000002', TRUE, TRUE, 'approved', 3, '2026-01-17T00:00:00+00', 'Native');
INSERT INTO driver (last_name, first_name, gender, birth_date, phone, email, password_hash, nationality, id_number, is_email_verified, is_phone_verified, status, approved_by, approved_at, driver_japanese_level) VALUES ('Phạm', 'Hà', 'Female', '2011-06-16', '0700000003', 'driver3@jptaxi.dev', '$2a$10$ok4KGT8OL/XYoc02v0sbeuCI5KJx179z91xxYT8ncmR3pkDM62mY.', 'Vietnam', '270937380', TRUE, TRUE, 'approved', 1, '2026-01-18T00:00:00+00', 'N5');
INSERT INTO driver (last_name, first_name, gender, birth_date, phone, email, password_hash, nationality, id_number, is_email_verified, is_phone_verified, status, approved_by, approved_at, driver_japanese_level) VALUES ('中村', '美咲', 'Female', '1988-12-13', '0700000004', 'driver4@jptaxi.dev', '$2a$10$ok4KGT8OL/XYoc02v0sbeuCI5KJx179z91xxYT8ncmR3pkDM62mY.', 'Japan', 'JP000004', TRUE, TRUE, 'approved', 4, '2026-01-19T00:00:00+00', 'N3');
INSERT INTO driver (last_name, first_name, gender, birth_date, phone, email, password_hash, nationality, id_number, is_email_verified, is_phone_verified, status, approved_by, approved_at, driver_japanese_level) VALUES ('Phạm', 'Dũng', 'Female', '2009-08-09', '0700000005', 'driver5@jptaxi.dev', '$2a$10$ok4KGT8OL/XYoc02v0sbeuCI5KJx179z91xxYT8ncmR3pkDM62mY.', 'Vietnam', '125409494', TRUE, TRUE, 'approved', 2, '2026-01-20T00:00:00+00', 'N3');
INSERT INTO driver (last_name, first_name, gender, birth_date, phone, email, password_hash, nationality, id_number, is_email_verified, is_phone_verified, status, approved_by, approved_at, driver_japanese_level) VALUES ('渡辺', '花子', 'Other', '1992-07-09', '0700000006', 'driver6@jptaxi.dev', '$2a$10$ok4KGT8OL/XYoc02v0sbeuCI5KJx179z91xxYT8ncmR3pkDM62mY.', 'Japan', 'JP000006', TRUE, TRUE, 'approved', 3, '2026-01-21T00:00:00+00', 'N1');
INSERT INTO driver (last_name, first_name, gender, birth_date, phone, email, password_hash, nationality, id_number, is_email_verified, is_phone_verified, status, approved_by, approved_at, driver_japanese_level) VALUES ('Đặng', 'Phương', 'Female', '1981-03-28', '0700000007', 'driver7@jptaxi.dev', '$2a$10$ok4KGT8OL/XYoc02v0sbeuCI5KJx179z91xxYT8ncmR3pkDM62mY.', 'Vietnam', '455569462', TRUE, TRUE, 'approved', 1, '2026-01-22T00:00:00+00', 'N4');
INSERT INTO driver (last_name, first_name, gender, birth_date, phone, email, password_hash, nationality, id_number, is_email_verified, is_phone_verified, status, approved_by, approved_at, driver_japanese_level) VALUES ('加藤', '翔太', 'Other', '1981-09-18', '0700000008', 'driver8@jptaxi.dev', '$2a$10$ok4KGT8OL/XYoc02v0sbeuCI5KJx179z91xxYT8ncmR3pkDM62mY.', 'Japan', 'JP000008', TRUE, TRUE, 'approved', 1, '2026-01-23T00:00:00+00', 'N2');
INSERT INTO driver (last_name, first_name, gender, birth_date, phone, email, password_hash, nationality, id_number, is_email_verified, is_phone_verified, status, approved_by, approved_at, driver_japanese_level) VALUES ('Vũ', 'Lan', 'Male', '2007-03-12', '0700000009', 'driver9@jptaxi.dev', '$2a$10$ok4KGT8OL/XYoc02v0sbeuCI5KJx179z91xxYT8ncmR3pkDM62mY.', 'Vietnam', '568574364', TRUE, TRUE, 'approved', 5, '2026-01-24T00:00:00+00', 'N2');
INSERT INTO driver (last_name, first_name, gender, birth_date, phone, email, password_hash, nationality, id_number, is_email_verified, is_phone_verified, status, approved_by, approved_at, driver_japanese_level) VALUES ('加藤', '美咲', 'Other', '1991-06-05', '0700000010', 'driver10@jptaxi.dev', '$2a$10$ok4KGT8OL/XYoc02v0sbeuCI5KJx179z91xxYT8ncmR3pkDM62mY.', 'Japan', 'JP000010', TRUE, TRUE, 'approved', 1, '2026-01-25T00:00:00+00', 'N2');
INSERT INTO driver (last_name, first_name, gender, birth_date, phone, email, password_hash, nationality, id_number, is_email_verified, is_phone_verified, status, approved_by, approved_at, driver_japanese_level) VALUES ('Nguyễn', 'Phương', 'Female', '2004-02-25', '0700000011', 'driver11@jptaxi.dev', '$2a$10$ok4KGT8OL/XYoc02v0sbeuCI5KJx179z91xxYT8ncmR3pkDM62mY.', 'Vietnam', '965984448', TRUE, TRUE, 'approved', 2, '2026-01-26T00:00:00+00', 'N2');
INSERT INTO driver (last_name, first_name, gender, birth_date, phone, email, password_hash, nationality, id_number, is_email_verified, is_phone_verified, status, approved_by, approved_at, driver_japanese_level) VALUES ('鈴木', '結衣', 'Other', '2007-12-14', '0700000012', 'driver12@jptaxi.dev', '$2a$10$ok4KGT8OL/XYoc02v0sbeuCI5KJx179z91xxYT8ncmR3pkDM62mY.', 'Japan', 'JP000012', TRUE, TRUE, 'approved', 3, '2026-01-27T00:00:00+00', 'N5');
INSERT INTO driver (last_name, first_name, gender, birth_date, phone, email, password_hash, nationality, id_number, is_email_verified, is_phone_verified, status, approved_by, approved_at, driver_japanese_level) VALUES ('Hoàng', 'Phương', 'Female', '2009-11-30', '0700000013', 'driver13@jptaxi.dev', '$2a$10$ok4KGT8OL/XYoc02v0sbeuCI5KJx179z91xxYT8ncmR3pkDM62mY.', 'Vietnam', '432091877', TRUE, TRUE, 'approved', 4, '2026-01-28T00:00:00+00', 'N2');
INSERT INTO driver (last_name, first_name, gender, birth_date, phone, email, password_hash, nationality, id_number, is_email_verified, is_phone_verified, status, approved_by, approved_at, driver_japanese_level) VALUES ('渡辺', '大輔', 'Female', '1985-09-16', '0700000014', 'driver14@jptaxi.dev', '$2a$10$ok4KGT8OL/XYoc02v0sbeuCI5KJx179z91xxYT8ncmR3pkDM62mY.', 'Japan', 'JP000014', TRUE, TRUE, 'approved', 2, '2026-01-29T00:00:00+00', 'Native');
INSERT INTO driver (last_name, first_name, gender, birth_date, phone, email, password_hash, nationality, id_number, is_email_verified, is_phone_verified, status, approved_by, approved_at, driver_japanese_level) VALUES ('Đặng', 'Chi', 'Female', '2005-07-12', '0700000015', 'driver15@jptaxi.dev', '$2a$10$ok4KGT8OL/XYoc02v0sbeuCI5KJx179z91xxYT8ncmR3pkDM62mY.', 'Vietnam', '760904107', TRUE, TRUE, 'approved', 3, '2026-01-30T00:00:00+00', 'N1');
INSERT INTO driver (last_name, first_name, gender, birth_date, phone, email, password_hash, nationality, id_number, is_email_verified, is_phone_verified, status, approved_by, approved_at, driver_japanese_level) VALUES ('佐藤', '翔太', 'Female', '1992-11-13', '0700000016', 'driver16@jptaxi.dev', '$2a$10$ok4KGT8OL/XYoc02v0sbeuCI5KJx179z91xxYT8ncmR3pkDM62mY.', 'Japan', 'JP000016', TRUE, TRUE, 'approved', 2, '2026-01-31T00:00:00+00', 'N1');
INSERT INTO driver (last_name, first_name, gender, birth_date, phone, email, password_hash, nationality, id_number, is_email_verified, is_phone_verified, status, approved_by, approved_at, driver_japanese_level) VALUES ('Hà', 'Lan', 'Other', '1999-10-26', '0700000017', 'driver17@jptaxi.dev', '$2a$10$ok4KGT8OL/XYoc02v0sbeuCI5KJx179z91xxYT8ncmR3pkDM62mY.', 'Vietnam', '599277266', TRUE, TRUE, 'approved', 4, '2026-02-01T00:00:00+00', 'N4');
INSERT INTO driver (last_name, first_name, gender, birth_date, phone, email, password_hash, nationality, id_number, is_email_verified, is_phone_verified, status, approved_by, approved_at, driver_japanese_level) VALUES ('小林', 'さくら', 'Female', '1987-08-12', '0700000018', 'driver18@jptaxi.dev', '$2a$10$ok4KGT8OL/XYoc02v0sbeuCI5KJx179z91xxYT8ncmR3pkDM62mY.', 'Japan', 'JP000018', TRUE, TRUE, 'approved', 1, '2026-02-02T00:00:00+00', 'N1');
INSERT INTO driver (last_name, first_name, gender, birth_date, phone, email, password_hash, nationality, id_number, is_email_verified, is_phone_verified, status, approved_by, approved_at, driver_japanese_level) VALUES ('Hà', 'Lan', 'Male', '1990-07-15', '0700000019', 'driver19@jptaxi.dev', '$2a$10$ok4KGT8OL/XYoc02v0sbeuCI5KJx179z91xxYT8ncmR3pkDM62mY.', 'Vietnam', '200273738', TRUE, TRUE, 'approved', 3, '2026-02-03T00:00:00+00', 'N4');
INSERT INTO driver (last_name, first_name, gender, birth_date, phone, email, password_hash, nationality, id_number, is_email_verified, is_phone_verified, status, approved_by, approved_at, driver_japanese_level) VALUES ('高橋', '太郎', 'Female', '1982-01-27', '0700000020', 'driver20@jptaxi.dev', '$2a$10$ok4KGT8OL/XYoc02v0sbeuCI5KJx179z91xxYT8ncmR3pkDM62mY.', 'Japan', 'JP000020', TRUE, TRUE, 'approved', 2, '2026-02-04T00:00:00+00', 'N1');
INSERT INTO driver (last_name, first_name, gender, birth_date, phone, email, password_hash, nationality, id_number, is_email_verified, is_phone_verified, status, approved_by, approved_at, driver_japanese_level) VALUES ('Trần', 'Nam', 'Male', '2008-04-01', '0700000021', 'driver21@jptaxi.dev', '$2a$10$ok4KGT8OL/XYoc02v0sbeuCI5KJx179z91xxYT8ncmR3pkDM62mY.', 'Vietnam', '545002643', TRUE, TRUE, 'approved', 5, '2026-02-05T00:00:00+00', 'Native');
INSERT INTO driver (last_name, first_name, gender, birth_date, phone, email, password_hash, nationality, id_number, is_email_verified, is_phone_verified, status, approved_by, approved_at, driver_japanese_level) VALUES ('山本', 'さくら', 'Male', '1997-12-04', '0700000022', 'driver22@jptaxi.dev', '$2a$10$ok4KGT8OL/XYoc02v0sbeuCI5KJx179z91xxYT8ncmR3pkDM62mY.', 'Japan', 'JP000022', TRUE, TRUE, 'approved', 2, '2026-02-06T00:00:00+00', 'Native');
INSERT INTO driver (last_name, first_name, gender, birth_date, phone, email, password_hash, nationality, id_number, is_email_verified, is_phone_verified, status, approved_by, approved_at, driver_japanese_level) VALUES ('Nguyễn', 'Bình', 'Male', '1999-01-26', '0700000023', 'driver23@jptaxi.dev', '$2a$10$ok4KGT8OL/XYoc02v0sbeuCI5KJx179z91xxYT8ncmR3pkDM62mY.', 'Vietnam', '935822550', TRUE, TRUE, 'approved', 2, '2026-02-07T00:00:00+00', 'Native');
INSERT INTO driver (last_name, first_name, gender, birth_date, phone, email, password_hash, nationality, id_number, is_email_verified, is_phone_verified, status, approved_by, approved_at, driver_japanese_level) VALUES ('小林', 'さくら', 'Male', '1982-04-02', '0700000024', 'driver24@jptaxi.dev', '$2a$10$ok4KGT8OL/XYoc02v0sbeuCI5KJx179z91xxYT8ncmR3pkDM62mY.', 'Japan', 'JP000024', TRUE, TRUE, 'approved', 5, '2026-02-08T00:00:00+00', 'N5');
INSERT INTO driver (last_name, first_name, gender, birth_date, phone, email, password_hash, nationality, id_number, is_email_verified, is_phone_verified, status, approved_by, approved_at, driver_japanese_level) VALUES ('Bùi', 'Chi', 'Other', '2000-11-03', '0700000025', 'driver25@jptaxi.dev', '$2a$10$ok4KGT8OL/XYoc02v0sbeuCI5KJx179z91xxYT8ncmR3pkDM62mY.', 'Vietnam', '960514523', TRUE, TRUE, 'approved', 5, '2026-02-09T00:00:00+00', 'N1');
INSERT INTO driver (last_name, first_name, gender, birth_date, phone, email, password_hash, nationality, id_number, is_email_verified, is_phone_verified, status, approved_by, approved_at, driver_japanese_level) VALUES ('伊藤', 'さくら', 'Female', '2007-06-25', '0700000026', 'driver26@jptaxi.dev', '$2a$10$ok4KGT8OL/XYoc02v0sbeuCI5KJx179z91xxYT8ncmR3pkDM62mY.', 'Japan', 'JP000026', TRUE, TRUE, 'approved', 5, '2026-02-10T00:00:00+00', 'N1');
INSERT INTO driver (last_name, first_name, gender, birth_date, phone, email, password_hash, nationality, id_number, is_email_verified, is_phone_verified, status, approved_by, approved_at, driver_japanese_level) VALUES ('Bùi', 'Chi', 'Female', '2001-04-17', '0700000027', 'driver27@jptaxi.dev', '$2a$10$ok4KGT8OL/XYoc02v0sbeuCI5KJx179z91xxYT8ncmR3pkDM62mY.', 'Vietnam', '898493949', TRUE, TRUE, 'approved', 4, '2026-02-11T00:00:00+00', 'N4');
INSERT INTO driver (last_name, first_name, gender, birth_date, phone, email, password_hash, nationality, id_number, is_email_verified, is_phone_verified, status, approved_by, approved_at, driver_japanese_level) VALUES ('渡辺', '大輔', 'Female', '2001-09-26', '0700000028', 'driver28@jptaxi.dev', '$2a$10$ok4KGT8OL/XYoc02v0sbeuCI5KJx179z91xxYT8ncmR3pkDM62mY.', 'Japan', 'JP000028', TRUE, TRUE, 'approved', 2, '2026-02-12T00:00:00+00', 'N2');
INSERT INTO driver (last_name, first_name, gender, birth_date, phone, email, password_hash, nationality, id_number, is_email_verified, is_phone_verified, status, approved_by, approved_at, driver_japanese_level) VALUES ('Trần', 'Hà', 'Female', '1992-03-09', '0700000029', 'driver29@jptaxi.dev', '$2a$10$ok4KGT8OL/XYoc02v0sbeuCI5KJx179z91xxYT8ncmR3pkDM62mY.', 'Vietnam', '351785565', TRUE, TRUE, 'approved', 3, '2026-02-13T00:00:00+00', 'N1');
INSERT INTO driver (last_name, first_name, gender, birth_date, phone, email, password_hash, nationality, id_number, is_email_verified, is_phone_verified, status, approved_by, approved_at, driver_japanese_level) VALUES ('鈴木', '健一', 'Female', '1986-10-07', '0700000030', 'driver30@jptaxi.dev', '$2a$10$ok4KGT8OL/XYoc02v0sbeuCI5KJx179z91xxYT8ncmR3pkDM62mY.', 'Japan', 'JP000030', TRUE, TRUE, 'approved', 2, '2026-02-14T00:00:00+00', 'Native');
INSERT INTO driver (last_name, first_name, gender, birth_date, phone, email, password_hash, nationality, id_number, is_email_verified, is_phone_verified, status, approved_by, approved_at, driver_japanese_level) VALUES ('Lê', 'Dũng', 'Female', '1998-08-11', '0700000031', 'driver31@jptaxi.dev', '$2a$10$ok4KGT8OL/XYoc02v0sbeuCI5KJx179z91xxYT8ncmR3pkDM62mY.', 'Vietnam', '168965204', TRUE, TRUE, 'approved', 4, '2026-02-15T00:00:00+00', 'N1');
INSERT INTO driver (last_name, first_name, gender, birth_date, phone, email, password_hash, nationality, id_number, is_email_verified, is_phone_verified, status, approved_by, approved_at, driver_japanese_level) VALUES ('中村', '陽介', 'Female', '1982-10-17', '0700000032', 'driver32@jptaxi.dev', '$2a$10$ok4KGT8OL/XYoc02v0sbeuCI5KJx179z91xxYT8ncmR3pkDM62mY.', 'Japan', 'JP000032', TRUE, TRUE, 'approved', 2, '2026-02-16T00:00:00+00', 'N2');
INSERT INTO driver (last_name, first_name, gender, birth_date, phone, email, password_hash, nationality, id_number, is_email_verified, is_phone_verified, status, approved_by, approved_at, driver_japanese_level) VALUES ('Hà', 'An', 'Female', '2005-10-28', '0700000033', 'driver33@jptaxi.dev', '$2a$10$ok4KGT8OL/XYoc02v0sbeuCI5KJx179z91xxYT8ncmR3pkDM62mY.', 'Vietnam', '922050912', TRUE, TRUE, 'approved', 4, '2026-02-17T00:00:00+00', 'N5');
INSERT INTO driver (last_name, first_name, gender, birth_date, phone, email, password_hash, nationality, id_number, is_email_verified, is_phone_verified, status, approved_by, approved_at, driver_japanese_level) VALUES ('伊藤', '翔太', 'Other', '1997-06-29', '0700000034', 'driver34@jptaxi.dev', '$2a$10$ok4KGT8OL/XYoc02v0sbeuCI5KJx179z91xxYT8ncmR3pkDM62mY.', 'Japan', 'JP000034', TRUE, TRUE, 'approved', 4, '2026-02-18T00:00:00+00', 'Native');
INSERT INTO driver (last_name, first_name, gender, birth_date, phone, email, password_hash, nationality, id_number, is_email_verified, is_phone_verified, status, approved_by, approved_at, driver_japanese_level) VALUES ('Đỗ', 'Quân', 'Female', '2001-11-25', '0700000035', 'driver35@jptaxi.dev', '$2a$10$ok4KGT8OL/XYoc02v0sbeuCI5KJx179z91xxYT8ncmR3pkDM62mY.', 'Vietnam', '336801619', TRUE, TRUE, 'approved', 2, '2026-02-19T00:00:00+00', 'N2');
INSERT INTO driver (last_name, first_name, gender, birth_date, phone, email, password_hash, nationality, id_number, is_email_verified, is_phone_verified, status, approved_by, approved_at, driver_japanese_level) VALUES ('中村', '太郎', 'Other', '1997-06-11', '0700000036', 'driver36@jptaxi.dev', '$2a$10$ok4KGT8OL/XYoc02v0sbeuCI5KJx179z91xxYT8ncmR3pkDM62mY.', 'Japan', 'JP000036', TRUE, TRUE, 'approved', 3, '2026-02-20T00:00:00+00', 'Native');
INSERT INTO driver (last_name, first_name, gender, birth_date, phone, email, password_hash, nationality, id_number, is_email_verified, is_phone_verified, status, approved_by, approved_at, driver_japanese_level) VALUES ('Đặng', 'Chi', 'Other', '1985-09-22', '0700000037', 'driver37@jptaxi.dev', '$2a$10$ok4KGT8OL/XYoc02v0sbeuCI5KJx179z91xxYT8ncmR3pkDM62mY.', 'Vietnam', '601856351', TRUE, TRUE, 'approved', 5, '2026-02-21T00:00:00+00', 'N5');
INSERT INTO driver (last_name, first_name, gender, birth_date, phone, email, password_hash, nationality, id_number, is_email_verified, is_phone_verified, status, approved_by, approved_at, driver_japanese_level) VALUES ('山本', '愛', 'Male', '2005-04-25', '0700000038', 'driver38@jptaxi.dev', '$2a$10$ok4KGT8OL/XYoc02v0sbeuCI5KJx179z91xxYT8ncmR3pkDM62mY.', 'Japan', 'JP000038', TRUE, TRUE, 'approved', 1, '2026-02-22T00:00:00+00', 'Native');
INSERT INTO driver (last_name, first_name, gender, birth_date, phone, email, password_hash, nationality, id_number, is_email_verified, is_phone_verified, status, approved_by, approved_at, driver_japanese_level) VALUES ('Đặng', 'Chi', 'Female', '1988-02-25', '0700000039', 'driver39@jptaxi.dev', '$2a$10$ok4KGT8OL/XYoc02v0sbeuCI5KJx179z91xxYT8ncmR3pkDM62mY.', 'Vietnam', '595744935', TRUE, TRUE, 'approved', 1, '2026-02-23T00:00:00+00', 'N2');
INSERT INTO driver (last_name, first_name, gender, birth_date, phone, email, password_hash, nationality, id_number, is_email_verified, is_phone_verified, status, approved_by, approved_at, driver_japanese_level) VALUES ('伊藤', '美咲', 'Female', '2000-05-24', '0700000040', 'driver40@jptaxi.dev', '$2a$10$ok4KGT8OL/XYoc02v0sbeuCI5KJx179z91xxYT8ncmR3pkDM62mY.', 'Japan', 'JP000040', TRUE, TRUE, 'approved', 3, '2026-02-24T00:00:00+00', 'N2');
INSERT INTO driver (last_name, first_name, gender, birth_date, phone, email, password_hash, nationality, id_number, is_email_verified, is_phone_verified, status, approved_by, approved_at, driver_japanese_level) VALUES ('Hoàng', 'Minh', 'Male', '1983-09-03', '0700000041', 'driver41@jptaxi.dev', '$2a$10$ok4KGT8OL/XYoc02v0sbeuCI5KJx179z91xxYT8ncmR3pkDM62mY.', 'Vietnam', '370874491', TRUE, TRUE, 'approved', 4, '2026-02-25T00:00:00+00', 'Native');
INSERT INTO driver (last_name, first_name, gender, birth_date, phone, email, password_hash, nationality, id_number, is_email_verified, is_phone_verified, status, approved_by, approved_at, driver_japanese_level) VALUES ('小林', '太郎', 'Other', '1995-09-12', '0700000042', 'driver42@jptaxi.dev', '$2a$10$ok4KGT8OL/XYoc02v0sbeuCI5KJx179z91xxYT8ncmR3pkDM62mY.', 'Japan', 'JP000042', TRUE, TRUE, 'approved', 2, '2026-02-26T00:00:00+00', 'N5');
INSERT INTO driver (last_name, first_name, gender, birth_date, phone, email, password_hash, nationality, id_number, is_email_verified, is_phone_verified, status, approved_by, approved_at, driver_japanese_level) VALUES ('Nguyễn', 'An', 'Other', '1988-12-10', '0700000043', 'driver43@jptaxi.dev', '$2a$10$ok4KGT8OL/XYoc02v0sbeuCI5KJx179z91xxYT8ncmR3pkDM62mY.', 'Vietnam', '365518424', TRUE, TRUE, 'approved', 1, '2026-02-27T00:00:00+00', 'N4');
INSERT INTO driver (last_name, first_name, gender, birth_date, phone, email, password_hash, nationality, id_number, is_email_verified, is_phone_verified, status, approved_by, approved_at, driver_japanese_level) VALUES ('田中', '健一', 'Other', '2001-03-29', '0700000044', 'driver44@jptaxi.dev', '$2a$10$ok4KGT8OL/XYoc02v0sbeuCI5KJx179z91xxYT8ncmR3pkDM62mY.', 'Japan', 'JP000044', TRUE, TRUE, 'approved', 1, '2026-02-28T00:00:00+00', 'N4');
INSERT INTO driver (last_name, first_name, gender, birth_date, phone, email, password_hash, nationality, id_number, is_email_verified, is_phone_verified, status, approved_by, approved_at, driver_japanese_level) VALUES ('Bùi', 'Hà', 'Other', '1996-07-18', '0700000045', 'driver45@jptaxi.dev', '$2a$10$ok4KGT8OL/XYoc02v0sbeuCI5KJx179z91xxYT8ncmR3pkDM62mY.', 'Vietnam', '923450567', TRUE, TRUE, 'approved', 2, '2026-03-01T00:00:00+00', 'N1');
INSERT INTO driver (last_name, first_name, gender, birth_date, phone, email, password_hash, nationality, id_number, is_email_verified, is_phone_verified, status, approved_by, approved_at, driver_japanese_level) VALUES ('鈴木', '健一', 'Other', '1993-12-14', '0700000046', 'driver46@jptaxi.dev', '$2a$10$ok4KGT8OL/XYoc02v0sbeuCI5KJx179z91xxYT8ncmR3pkDM62mY.', 'Japan', 'JP000046', TRUE, TRUE, 'approved', 1, '2026-03-02T00:00:00+00', 'N5');
INSERT INTO driver (last_name, first_name, gender, birth_date, phone, email, password_hash, nationality, id_number, is_email_verified, is_phone_verified, status, approved_by, approved_at, driver_japanese_level) VALUES ('Hoàng', 'Quân', 'Other', '1996-11-01', '0700000047', 'driver47@jptaxi.dev', '$2a$10$ok4KGT8OL/XYoc02v0sbeuCI5KJx179z91xxYT8ncmR3pkDM62mY.', 'Vietnam', '827296111', TRUE, TRUE, 'approved', 4, '2026-03-03T00:00:00+00', 'N4');
INSERT INTO driver (last_name, first_name, gender, birth_date, phone, email, password_hash, nationality, id_number, is_email_verified, is_phone_verified, status, approved_by, approved_at, driver_japanese_level) VALUES ('鈴木', '愛', 'Male', '2010-12-24', '0700000048', 'driver48@jptaxi.dev', '$2a$10$ok4KGT8OL/XYoc02v0sbeuCI5KJx179z91xxYT8ncmR3pkDM62mY.', 'Japan', 'JP000048', TRUE, TRUE, 'approved', 2, '2026-03-04T00:00:00+00', 'Native');
INSERT INTO driver (last_name, first_name, gender, birth_date, phone, email, password_hash, nationality, id_number, is_email_verified, is_phone_verified, status, approved_by, approved_at, driver_japanese_level) VALUES ('Hoàng', 'Quân', 'Male', '1985-06-06', '0700000049', 'driver49@jptaxi.dev', '$2a$10$ok4KGT8OL/XYoc02v0sbeuCI5KJx179z91xxYT8ncmR3pkDM62mY.', 'Vietnam', '964929067', TRUE, TRUE, 'approved', 5, '2026-03-05T00:00:00+00', 'N3');
INSERT INTO driver (last_name, first_name, gender, birth_date, phone, email, password_hash, nationality, id_number, is_email_verified, is_phone_verified, status, approved_by, approved_at, driver_japanese_level) VALUES ('小林', '陽介', 'Male', '2009-09-03', '0700000050', 'driver50@jptaxi.dev', '$2a$10$ok4KGT8OL/XYoc02v0sbeuCI5KJx179z91xxYT8ncmR3pkDM62mY.', 'Japan', 'JP000050', TRUE, TRUE, 'approved', 3, '2026-03-06T00:00:00+00', 'N1');
INSERT INTO driver (last_name, first_name, gender, birth_date, phone, email, password_hash, nationality, id_number, is_email_verified, is_phone_verified, status, approved_by, approved_at, driver_japanese_level) VALUES ('Vũ', 'An', 'Female', '2001-12-27', '0700000051', 'driver51@jptaxi.dev', '$2a$10$ok4KGT8OL/XYoc02v0sbeuCI5KJx179z91xxYT8ncmR3pkDM62mY.', 'Vietnam', '551034639', TRUE, TRUE, 'approved', 1, '2026-03-07T00:00:00+00', 'N3');
INSERT INTO driver (last_name, first_name, gender, birth_date, phone, email, password_hash, nationality, id_number, is_email_verified, is_phone_verified, status, approved_by, approved_at, driver_japanese_level) VALUES ('中村', '健一', 'Other', '1999-07-15', '0700000052', 'driver52@jptaxi.dev', '$2a$10$ok4KGT8OL/XYoc02v0sbeuCI5KJx179z91xxYT8ncmR3pkDM62mY.', 'Japan', 'JP000052', TRUE, TRUE, 'approved', 2, '2026-03-08T00:00:00+00', 'N1');
INSERT INTO driver (last_name, first_name, gender, birth_date, phone, email, password_hash, nationality, id_number, is_email_verified, is_phone_verified, status, approved_by, approved_at, driver_japanese_level) VALUES ('Hoàng', 'Quân', 'Female', '2004-02-21', '0700000053', 'driver53@jptaxi.dev', '$2a$10$ok4KGT8OL/XYoc02v0sbeuCI5KJx179z91xxYT8ncmR3pkDM62mY.', 'Vietnam', '967797300', TRUE, TRUE, 'approved', 4, '2026-03-09T00:00:00+00', 'N2');
INSERT INTO driver (last_name, first_name, gender, birth_date, phone, email, password_hash, nationality, id_number, is_email_verified, is_phone_verified, status, approved_by, approved_at, driver_japanese_level) VALUES ('加藤', '翔太', 'Male', '1994-06-16', '0700000054', 'driver54@jptaxi.dev', '$2a$10$ok4KGT8OL/XYoc02v0sbeuCI5KJx179z91xxYT8ncmR3pkDM62mY.', 'Japan', 'JP000054', TRUE, TRUE, 'approved', 2, '2026-03-10T00:00:00+00', 'N3');
INSERT INTO driver (last_name, first_name, gender, birth_date, phone, email, password_hash, nationality, id_number, is_email_verified, is_phone_verified, status, approved_by, approved_at, driver_japanese_level) VALUES ('Bùi', 'Dũng', 'Other', '2000-11-04', '0700000055', 'driver55@jptaxi.dev', '$2a$10$ok4KGT8OL/XYoc02v0sbeuCI5KJx179z91xxYT8ncmR3pkDM62mY.', 'Vietnam', '905817775', TRUE, TRUE, 'approved', 5, '2026-03-11T00:00:00+00', 'Native');
INSERT INTO driver (last_name, first_name, gender, birth_date, phone, email, password_hash, nationality, id_number, is_email_verified, is_phone_verified, status, approved_by, approved_at, driver_japanese_level) VALUES ('山本', '結衣', 'Female', '1981-04-15', '0700000056', 'driver56@jptaxi.dev', '$2a$10$ok4KGT8OL/XYoc02v0sbeuCI5KJx179z91xxYT8ncmR3pkDM62mY.', 'Japan', 'JP000056', TRUE, TRUE, 'approved', 4, '2026-03-12T00:00:00+00', 'N4');
INSERT INTO driver (last_name, first_name, gender, birth_date, phone, email, password_hash, nationality, id_number, is_email_verified, is_phone_verified, status, approved_by, approved_at, driver_japanese_level) VALUES ('Bùi', 'Dũng', 'Female', '1991-08-03', '0700000057', 'driver57@jptaxi.dev', '$2a$10$ok4KGT8OL/XYoc02v0sbeuCI5KJx179z91xxYT8ncmR3pkDM62mY.', 'Vietnam', '480990401', TRUE, TRUE, 'approved', 3, '2026-03-13T00:00:00+00', 'N1');
INSERT INTO driver (last_name, first_name, gender, birth_date, phone, email, password_hash, nationality, id_number, is_email_verified, is_phone_verified, status, approved_by, approved_at, driver_japanese_level) VALUES ('渡辺', '大輔', 'Male', '1980-06-15', '0700000058', 'driver58@jptaxi.dev', '$2a$10$ok4KGT8OL/XYoc02v0sbeuCI5KJx179z91xxYT8ncmR3pkDM62mY.', 'Japan', 'JP000058', TRUE, TRUE, 'approved', 5, '2026-03-14T00:00:00+00', 'N5');
INSERT INTO driver (last_name, first_name, gender, birth_date, phone, email, password_hash, nationality, id_number, is_email_verified, is_phone_verified, status, approved_by, approved_at, driver_japanese_level) VALUES ('Phạm', 'Minh', 'Other', '2004-11-26', '0700000059', 'driver59@jptaxi.dev', '$2a$10$ok4KGT8OL/XYoc02v0sbeuCI5KJx179z91xxYT8ncmR3pkDM62mY.', 'Vietnam', '624606470', TRUE, TRUE, 'approved', 2, '2026-03-15T00:00:00+00', 'N2');
INSERT INTO driver (last_name, first_name, gender, birth_date, phone, email, password_hash, nationality, id_number, is_email_verified, is_phone_verified, status, approved_by, approved_at, driver_japanese_level) VALUES ('中村', 'さくら', 'Female', '1980-10-09', '0700000060', 'driver60@jptaxi.dev', '$2a$10$ok4KGT8OL/XYoc02v0sbeuCI5KJx179z91xxYT8ncmR3pkDM62mY.', 'Japan', 'JP000060', TRUE, TRUE, 'approved', 1, '2026-03-16T00:00:00+00', 'N4');
INSERT INTO driver (last_name, first_name, gender, birth_date, phone, email, password_hash, nationality, id_number, is_email_verified, is_phone_verified, status, approved_by, approved_at, driver_japanese_level) VALUES ('Đặng', 'Dũng', 'Female', '2009-10-13', '0700000061', 'driver61@jptaxi.dev', '$2a$10$ok4KGT8OL/XYoc02v0sbeuCI5KJx179z91xxYT8ncmR3pkDM62mY.', 'Vietnam', '428786222', TRUE, TRUE, 'approved', 5, '2026-03-17T00:00:00+00', 'N2');
INSERT INTO driver (last_name, first_name, gender, birth_date, phone, email, password_hash, nationality, id_number, is_email_verified, is_phone_verified, status, approved_by, approved_at, driver_japanese_level) VALUES ('小林', '大輔', 'Other', '1995-06-03', '0700000062', 'driver62@jptaxi.dev', '$2a$10$ok4KGT8OL/XYoc02v0sbeuCI5KJx179z91xxYT8ncmR3pkDM62mY.', 'Japan', 'JP000062', TRUE, TRUE, 'approved', 4, '2026-03-18T00:00:00+00', 'N1');
INSERT INTO driver (last_name, first_name, gender, birth_date, phone, email, password_hash, nationality, id_number, is_email_verified, is_phone_verified, status, approved_by, approved_at, driver_japanese_level) VALUES ('Vũ', 'Lan', 'Female', '2000-05-09', '0700000063', 'driver63@jptaxi.dev', '$2a$10$ok4KGT8OL/XYoc02v0sbeuCI5KJx179z91xxYT8ncmR3pkDM62mY.', 'Vietnam', '854684750', TRUE, TRUE, 'approved', 3, '2026-03-19T00:00:00+00', 'N3');
INSERT INTO driver (last_name, first_name, gender, birth_date, phone, email, password_hash, nationality, id_number, is_email_verified, is_phone_verified, status, approved_by, approved_at, driver_japanese_level) VALUES ('田中', '花子', 'Female', '2012-05-09', '0700000064', 'driver64@jptaxi.dev', '$2a$10$ok4KGT8OL/XYoc02v0sbeuCI5KJx179z91xxYT8ncmR3pkDM62mY.', 'Japan', 'JP000064', TRUE, TRUE, 'approved', 2, '2026-03-20T00:00:00+00', 'N5');
INSERT INTO driver (last_name, first_name, gender, birth_date, phone, email, password_hash, nationality, id_number, is_email_verified, is_phone_verified, status, approved_by, approved_at, driver_japanese_level) VALUES ('Đỗ', 'Chi', 'Female', '1989-09-15', '0700000065', 'driver65@jptaxi.dev', '$2a$10$ok4KGT8OL/XYoc02v0sbeuCI5KJx179z91xxYT8ncmR3pkDM62mY.', 'Vietnam', '305665554', TRUE, TRUE, 'approved', 4, '2026-03-21T00:00:00+00', 'Native');
INSERT INTO driver (last_name, first_name, gender, birth_date, phone, email, password_hash, nationality, id_number, is_email_verified, is_phone_verified, status, approved_by, approved_at, driver_japanese_level) VALUES ('加藤', '大輔', 'Male', '2006-10-08', '0700000066', 'driver66@jptaxi.dev', '$2a$10$ok4KGT8OL/XYoc02v0sbeuCI5KJx179z91xxYT8ncmR3pkDM62mY.', 'Japan', 'JP000066', TRUE, TRUE, 'approved', 3, '2026-03-22T00:00:00+00', 'N4');
INSERT INTO driver (last_name, first_name, gender, birth_date, phone, email, password_hash, nationality, id_number, is_email_verified, is_phone_verified, status, approved_by, approved_at, driver_japanese_level) VALUES ('Hoàng', 'Dũng', 'Male', '1988-01-18', '0700000067', 'driver67@jptaxi.dev', '$2a$10$ok4KGT8OL/XYoc02v0sbeuCI5KJx179z91xxYT8ncmR3pkDM62mY.', 'Vietnam', '487493096', TRUE, TRUE, 'approved', 3, '2026-03-23T00:00:00+00', 'Native');
INSERT INTO driver (last_name, first_name, gender, birth_date, phone, email, password_hash, nationality, id_number, is_email_verified, is_phone_verified, status, approved_by, approved_at, driver_japanese_level) VALUES ('小林', '健一', 'Male', '1992-04-21', '0700000068', 'driver68@jptaxi.dev', '$2a$10$ok4KGT8OL/XYoc02v0sbeuCI5KJx179z91xxYT8ncmR3pkDM62mY.', 'Japan', 'JP000068', TRUE, TRUE, 'approved', 1, '2026-03-24T00:00:00+00', 'N1');
INSERT INTO driver (last_name, first_name, gender, birth_date, phone, email, password_hash, nationality, id_number, is_email_verified, is_phone_verified, status, approved_by, approved_at, driver_japanese_level) VALUES ('Hoàng', 'Chi', 'Male', '2002-01-07', '0700000069', 'driver69@jptaxi.dev', '$2a$10$ok4KGT8OL/XYoc02v0sbeuCI5KJx179z91xxYT8ncmR3pkDM62mY.', 'Vietnam', '784907325', TRUE, TRUE, 'approved', 1, '2026-03-25T00:00:00+00', 'N1');
INSERT INTO driver (last_name, first_name, gender, birth_date, phone, email, password_hash, nationality, id_number, is_email_verified, is_phone_verified, status, approved_by, approved_at, driver_japanese_level) VALUES ('渡辺', 'さくら', 'Female', '2001-06-22', '0700000070', 'driver70@jptaxi.dev', '$2a$10$ok4KGT8OL/XYoc02v0sbeuCI5KJx179z91xxYT8ncmR3pkDM62mY.', 'Japan', 'JP000070', TRUE, TRUE, 'approved', 4, '2026-03-26T00:00:00+00', 'N4');
INSERT INTO driver (last_name, first_name, gender, birth_date, phone, email, password_hash, nationality, id_number, is_email_verified, is_phone_verified, status, approved_by, approved_at, driver_japanese_level) VALUES ('Nguyễn', 'Hà', 'Male', '1985-02-12', '0700000071', 'driver71@jptaxi.dev', '$2a$10$ok4KGT8OL/XYoc02v0sbeuCI5KJx179z91xxYT8ncmR3pkDM62mY.', 'Vietnam', '612957813', TRUE, TRUE, 'pending', NULL, NULL, 'N2');
INSERT INTO driver (last_name, first_name, gender, birth_date, phone, email, password_hash, nationality, id_number, is_email_verified, is_phone_verified, status, approved_by, approved_at, driver_japanese_level) VALUES ('中村', '花子', 'Other', '2005-11-18', '0700000072', 'driver72@jptaxi.dev', '$2a$10$ok4KGT8OL/XYoc02v0sbeuCI5KJx179z91xxYT8ncmR3pkDM62mY.', 'Japan', 'JP000072', TRUE, TRUE, 'pending', NULL, NULL, 'Native');
INSERT INTO driver (last_name, first_name, gender, birth_date, phone, email, password_hash, nationality, id_number, is_email_verified, is_phone_verified, status, approved_by, approved_at, driver_japanese_level) VALUES ('Nguyễn', 'Chi', 'Female', '2005-03-31', '0700000073', 'driver73@jptaxi.dev', '$2a$10$ok4KGT8OL/XYoc02v0sbeuCI5KJx179z91xxYT8ncmR3pkDM62mY.', 'Vietnam', '260199682', TRUE, TRUE, 'pending', NULL, NULL, 'N5');
INSERT INTO driver (last_name, first_name, gender, birth_date, phone, email, password_hash, nationality, id_number, is_email_verified, is_phone_verified, status, approved_by, approved_at, driver_japanese_level) VALUES ('田中', '花子', 'Female', '2005-01-12', '0700000074', 'driver74@jptaxi.dev', '$2a$10$ok4KGT8OL/XYoc02v0sbeuCI5KJx179z91xxYT8ncmR3pkDM62mY.', 'Japan', 'JP000074', TRUE, TRUE, 'pending', NULL, NULL, 'N1');
INSERT INTO driver (last_name, first_name, gender, birth_date, phone, email, password_hash, nationality, id_number, is_email_verified, is_phone_verified, status, approved_by, approved_at, driver_japanese_level) VALUES ('Hà', 'Quân', 'Female', '2003-06-10', '0700000075', 'driver75@jptaxi.dev', '$2a$10$ok4KGT8OL/XYoc02v0sbeuCI5KJx179z91xxYT8ncmR3pkDM62mY.', 'Vietnam', '342329714', TRUE, TRUE, 'pending', NULL, NULL, 'N2');
INSERT INTO driver (last_name, first_name, gender, birth_date, phone, email, password_hash, nationality, id_number, is_email_verified, is_phone_verified, status, approved_by, approved_at, driver_japanese_level) VALUES ('中村', '翔太', 'Female', '2006-05-26', '0700000076', 'driver76@jptaxi.dev', '$2a$10$ok4KGT8OL/XYoc02v0sbeuCI5KJx179z91xxYT8ncmR3pkDM62mY.', 'Japan', 'JP000076', TRUE, TRUE, 'pending', NULL, NULL, 'N3');
INSERT INTO driver (last_name, first_name, gender, birth_date, phone, email, password_hash, nationality, id_number, is_email_verified, is_phone_verified, status, approved_by, approved_at, driver_japanese_level) VALUES ('Hà', 'Quân', 'Other', '2007-05-07', '0700000077', 'driver77@jptaxi.dev', '$2a$10$ok4KGT8OL/XYoc02v0sbeuCI5KJx179z91xxYT8ncmR3pkDM62mY.', 'Vietnam', '164671796', TRUE, TRUE, 'pending', NULL, NULL, 'N5');
INSERT INTO driver (last_name, first_name, gender, birth_date, phone, email, password_hash, nationality, id_number, is_email_verified, is_phone_verified, status, approved_by, approved_at, driver_japanese_level) VALUES ('田中', '美咲', 'Other', '1991-11-14', '0700000078', 'driver78@jptaxi.dev', '$2a$10$ok4KGT8OL/XYoc02v0sbeuCI5KJx179z91xxYT8ncmR3pkDM62mY.', 'Japan', 'JP000078', TRUE, TRUE, 'pending', NULL, NULL, 'N5');
INSERT INTO driver (last_name, first_name, gender, birth_date, phone, email, password_hash, nationality, id_number, is_email_verified, is_phone_verified, status, approved_by, approved_at, driver_japanese_level) VALUES ('Lê', 'Dũng', 'Male', '2004-10-04', '0700000079', 'driver79@jptaxi.dev', '$2a$10$ok4KGT8OL/XYoc02v0sbeuCI5KJx179z91xxYT8ncmR3pkDM62mY.', 'Vietnam', '286630878', TRUE, TRUE, 'pending', NULL, NULL, 'N4');
INSERT INTO driver (last_name, first_name, gender, birth_date, phone, email, password_hash, nationality, id_number, is_email_verified, is_phone_verified, status, approved_by, approved_at, driver_japanese_level) VALUES ('佐藤', '陽介', 'Other', '2000-03-17', '0700000080', 'driver80@jptaxi.dev', '$2a$10$ok4KGT8OL/XYoc02v0sbeuCI5KJx179z91xxYT8ncmR3pkDM62mY.', 'Japan', 'JP000080', TRUE, TRUE, 'pending', NULL, NULL, 'N1');
INSERT INTO driver (last_name, first_name, gender, birth_date, phone, email, password_hash, nationality, id_number, is_email_verified, is_phone_verified, status, approved_by, approved_at, driver_japanese_level) VALUES ('Bùi', 'Hà', 'Female', '1990-05-20', '0700000081', 'driver81@jptaxi.dev', '$2a$10$ok4KGT8OL/XYoc02v0sbeuCI5KJx179z91xxYT8ncmR3pkDM62mY.', 'Vietnam', '135046782', TRUE, TRUE, 'pending', NULL, NULL, 'Native');
INSERT INTO driver (last_name, first_name, gender, birth_date, phone, email, password_hash, nationality, id_number, is_email_verified, is_phone_verified, status, approved_by, approved_at, driver_japanese_level) VALUES ('渡辺', 'さくら', 'Other', '1983-03-12', '0700000082', 'driver82@jptaxi.dev', '$2a$10$ok4KGT8OL/XYoc02v0sbeuCI5KJx179z91xxYT8ncmR3pkDM62mY.', 'Japan', 'JP000082', TRUE, TRUE, 'pending', NULL, NULL, 'N4');
INSERT INTO driver (last_name, first_name, gender, birth_date, phone, email, password_hash, nationality, id_number, is_email_verified, is_phone_verified, status, approved_by, approved_at, driver_japanese_level) VALUES ('Hoàng', 'Quân', 'Female', '1988-11-15', '0700000083', 'driver83@jptaxi.dev', '$2a$10$ok4KGT8OL/XYoc02v0sbeuCI5KJx179z91xxYT8ncmR3pkDM62mY.', 'Vietnam', '809939880', TRUE, TRUE, 'pending', NULL, NULL, 'N5');
INSERT INTO driver (last_name, first_name, gender, birth_date, phone, email, password_hash, nationality, id_number, is_email_verified, is_phone_verified, status, approved_by, approved_at, driver_japanese_level) VALUES ('小林', '美咲', 'Male', '2009-01-18', '0700000084', 'driver84@jptaxi.dev', '$2a$10$ok4KGT8OL/XYoc02v0sbeuCI5KJx179z91xxYT8ncmR3pkDM62mY.', 'Japan', 'JP000084', TRUE, TRUE, 'pending', NULL, NULL, 'N3');
INSERT INTO driver (last_name, first_name, gender, birth_date, phone, email, password_hash, nationality, id_number, is_email_verified, is_phone_verified, status, approved_by, approved_at, driver_japanese_level) VALUES ('Lê', 'Bình', 'Female', '1987-06-11', '0700000085', 'driver85@jptaxi.dev', '$2a$10$ok4KGT8OL/XYoc02v0sbeuCI5KJx179z91xxYT8ncmR3pkDM62mY.', 'Vietnam', '164035859', TRUE, TRUE, 'pending', NULL, NULL, 'N1');
INSERT INTO driver (last_name, first_name, gender, birth_date, phone, email, password_hash, nationality, id_number, is_email_verified, is_phone_verified, status, approved_by, approved_at, driver_japanese_level) VALUES ('加藤', '翔太', 'Male', '1999-09-13', '0700000086', 'driver86@jptaxi.dev', '$2a$10$ok4KGT8OL/XYoc02v0sbeuCI5KJx179z91xxYT8ncmR3pkDM62mY.', 'Japan', 'JP000086', TRUE, TRUE, 'rejected', NULL, NULL, 'N2');
INSERT INTO driver (last_name, first_name, gender, birth_date, phone, email, password_hash, nationality, id_number, is_email_verified, is_phone_verified, status, approved_by, approved_at, driver_japanese_level) VALUES ('Hoàng', 'Minh', 'Other', '2002-06-13', '0700000087', 'driver87@jptaxi.dev', '$2a$10$ok4KGT8OL/XYoc02v0sbeuCI5KJx179z91xxYT8ncmR3pkDM62mY.', 'Vietnam', '392322121', TRUE, TRUE, 'rejected', NULL, NULL, 'N2');
INSERT INTO driver (last_name, first_name, gender, birth_date, phone, email, password_hash, nationality, id_number, is_email_verified, is_phone_verified, status, approved_by, approved_at, driver_japanese_level) VALUES ('中村', '花子', 'Male', '2006-10-29', '0700000088', 'driver88@jptaxi.dev', '$2a$10$ok4KGT8OL/XYoc02v0sbeuCI5KJx179z91xxYT8ncmR3pkDM62mY.', 'Japan', 'JP000088', TRUE, TRUE, 'rejected', NULL, NULL, 'N2');
INSERT INTO driver (last_name, first_name, gender, birth_date, phone, email, password_hash, nationality, id_number, is_email_verified, is_phone_verified, status, approved_by, approved_at, driver_japanese_level) VALUES ('Vũ', 'Quân', 'Male', '1981-02-27', '0700000089', 'driver89@jptaxi.dev', '$2a$10$ok4KGT8OL/XYoc02v0sbeuCI5KJx179z91xxYT8ncmR3pkDM62mY.', 'Vietnam', '368830491', TRUE, TRUE, 'rejected', NULL, NULL, 'N4');
INSERT INTO driver (last_name, first_name, gender, birth_date, phone, email, password_hash, nationality, id_number, is_email_verified, is_phone_verified, status, approved_by, approved_at, driver_japanese_level) VALUES ('加藤', '愛', 'Other', '1980-12-05', '0700000090', 'driver90@jptaxi.dev', '$2a$10$ok4KGT8OL/XYoc02v0sbeuCI5KJx179z91xxYT8ncmR3pkDM62mY.', 'Japan', 'JP000090', TRUE, TRUE, 'rejected', NULL, NULL, 'N3');
INSERT INTO driver (last_name, first_name, gender, birth_date, phone, email, password_hash, nationality, id_number, is_email_verified, is_phone_verified, status, approved_by, approved_at, driver_japanese_level) VALUES ('Hà', 'An', 'Female', '1987-11-10', '0700000091', 'driver91@jptaxi.dev', '$2a$10$ok4KGT8OL/XYoc02v0sbeuCI5KJx179z91xxYT8ncmR3pkDM62mY.', 'Vietnam', '919382051', TRUE, TRUE, 'rejected', NULL, NULL, 'N1');
INSERT INTO driver (last_name, first_name, gender, birth_date, phone, email, password_hash, nationality, id_number, is_email_verified, is_phone_verified, status, approved_by, approved_at, driver_japanese_level) VALUES ('中村', '翔太', 'Other', '1988-02-21', '0700000092', 'driver92@jptaxi.dev', '$2a$10$ok4KGT8OL/XYoc02v0sbeuCI5KJx179z91xxYT8ncmR3pkDM62mY.', 'Japan', 'JP000092', TRUE, TRUE, 'rejected', NULL, NULL, 'N2');
INSERT INTO driver (last_name, first_name, gender, birth_date, phone, email, password_hash, nationality, id_number, is_email_verified, is_phone_verified, status, approved_by, approved_at, driver_japanese_level) VALUES ('Bùi', 'Bình', 'Female', '1995-08-10', '0700000093', 'driver93@jptaxi.dev', '$2a$10$ok4KGT8OL/XYoc02v0sbeuCI5KJx179z91xxYT8ncmR3pkDM62mY.', 'Vietnam', '604669821', TRUE, TRUE, 'rejected', NULL, NULL, 'N3');
INSERT INTO driver (last_name, first_name, gender, birth_date, phone, email, password_hash, nationality, id_number, is_email_verified, is_phone_verified, status, approved_by, approved_at, driver_japanese_level) VALUES ('伊藤', '花子', 'Female', '1987-03-19', '0700000094', 'driver94@jptaxi.dev', '$2a$10$ok4KGT8OL/XYoc02v0sbeuCI5KJx179z91xxYT8ncmR3pkDM62mY.', 'Japan', 'JP000094', TRUE, TRUE, 'rejected', NULL, NULL, 'N2');
INSERT INTO driver (last_name, first_name, gender, birth_date, phone, email, password_hash, nationality, id_number, is_email_verified, is_phone_verified, status, approved_by, approved_at, driver_japanese_level) VALUES ('Bùi', 'Hà', 'Other', '1997-12-18', '0700000095', 'driver95@jptaxi.dev', '$2a$10$ok4KGT8OL/XYoc02v0sbeuCI5KJx179z91xxYT8ncmR3pkDM62mY.', 'Vietnam', '811443654', TRUE, TRUE, 'rejected', NULL, NULL, 'N5');
INSERT INTO driver (last_name, first_name, gender, birth_date, phone, email, password_hash, nationality, id_number, is_email_verified, is_phone_verified, status, approved_by, approved_at, driver_japanese_level) VALUES ('中村', '花子', 'Female', '1994-02-09', '0700000096', 'driver96@jptaxi.dev', '$2a$10$ok4KGT8OL/XYoc02v0sbeuCI5KJx179z91xxYT8ncmR3pkDM62mY.', 'Japan', 'JP000096', TRUE, TRUE, 'suspended', 3, '2026-03-01T00:00:00+00', 'N5');
INSERT INTO driver (last_name, first_name, gender, birth_date, phone, email, password_hash, nationality, id_number, is_email_verified, is_phone_verified, status, approved_by, approved_at, driver_japanese_level) VALUES ('Đặng', 'Phương', 'Female', '1980-01-19', '0700000097', 'driver97@jptaxi.dev', '$2a$10$ok4KGT8OL/XYoc02v0sbeuCI5KJx179z91xxYT8ncmR3pkDM62mY.', 'Vietnam', '985758835', TRUE, TRUE, 'suspended', 5, '2026-03-01T00:00:00+00', 'N2');
INSERT INTO driver (last_name, first_name, gender, birth_date, phone, email, password_hash, nationality, id_number, is_email_verified, is_phone_verified, status, approved_by, approved_at, driver_japanese_level) VALUES ('佐藤', '美咲', 'Other', '2003-04-04', '0700000098', 'driver98@jptaxi.dev', '$2a$10$ok4KGT8OL/XYoc02v0sbeuCI5KJx179z91xxYT8ncmR3pkDM62mY.', 'Japan', 'JP000098', TRUE, TRUE, 'suspended', 3, '2026-03-01T00:00:00+00', 'N2');
INSERT INTO driver (last_name, first_name, gender, birth_date, phone, email, password_hash, nationality, id_number, is_email_verified, is_phone_verified, status, approved_by, approved_at, driver_japanese_level) VALUES ('Bùi', 'An', 'Male', '1991-12-24', '0700000099', 'driver99@jptaxi.dev', '$2a$10$ok4KGT8OL/XYoc02v0sbeuCI5KJx179z91xxYT8ncmR3pkDM62mY.', 'Vietnam', '318568997', TRUE, TRUE, 'suspended', 5, '2026-03-01T00:00:00+00', 'N3');
INSERT INTO driver (last_name, first_name, gender, birth_date, phone, email, password_hash, nationality, id_number, is_email_verified, is_phone_verified, status, approved_by, approved_at, driver_japanese_level) VALUES ('中村', 'さくら', 'Other', '1985-06-12', '0700000100', 'driver100@jptaxi.dev', '$2a$10$ok4KGT8OL/XYoc02v0sbeuCI5KJx179z91xxYT8ncmR3pkDM62mY.', 'Japan', 'JP000100', TRUE, TRUE, 'suspended', 1, '2026-03-01T00:00:00+00', 'N1');

-- vehicle
INSERT INTO vehicle (driver_id, vehicle_type, license_plate, brand, color, manufacture_year) VALUES (1, '4', '31A-101.01', 'Mazda', 'Black', 2019);
INSERT INTO vehicle (driver_id, vehicle_type, license_plate, brand, color, manufacture_year) VALUES (2, '9', '32A-102.02', 'Toyota', 'Red', 2021);
INSERT INTO vehicle (driver_id, vehicle_type, license_plate, brand, color, manufacture_year) VALUES (3, '4', '33A-103.03', 'Honda', 'White', 2022);
INSERT INTO vehicle (driver_id, vehicle_type, license_plate, brand, color, manufacture_year) VALUES (4, '4', '34A-104.04', 'Mazda', 'Black', 2022);
INSERT INTO vehicle (driver_id, vehicle_type, license_plate, brand, color, manufacture_year) VALUES (5, '9', '35A-105.05', 'Hyundai', 'Red', 2019);
INSERT INTO vehicle (driver_id, vehicle_type, license_plate, brand, color, manufacture_year) VALUES (6, '7', '36A-106.06', 'Kia', 'Blue', 2018);
INSERT INTO vehicle (driver_id, vehicle_type, license_plate, brand, color, manufacture_year) VALUES (7, '7', '37A-107.07', 'Mitsubishi', 'Black', 2021);
INSERT INTO vehicle (driver_id, vehicle_type, license_plate, brand, color, manufacture_year) VALUES (8, '4', '38A-108.08', 'Mitsubishi', 'Red', 2017);
INSERT INTO vehicle (driver_id, vehicle_type, license_plate, brand, color, manufacture_year) VALUES (9, '4', '39A-109.09', 'Hyundai', 'Blue', 2020);
INSERT INTO vehicle (driver_id, vehicle_type, license_plate, brand, color, manufacture_year) VALUES (10, '9', '40A-110.10', 'Hyundai', 'White', 2019);
INSERT INTO vehicle (driver_id, vehicle_type, license_plate, brand, color, manufacture_year) VALUES (11, '9', '41A-111.11', 'Hyundai', 'Red', 2024);
INSERT INTO vehicle (driver_id, vehicle_type, license_plate, brand, color, manufacture_year) VALUES (12, '9', '42A-112.12', 'Kia', 'Black', 2022);
INSERT INTO vehicle (driver_id, vehicle_type, license_plate, brand, color, manufacture_year) VALUES (13, '9', '43A-113.13', 'Kia', 'Silver', 2020);
INSERT INTO vehicle (driver_id, vehicle_type, license_plate, brand, color, manufacture_year) VALUES (14, '9', '44A-114.14', 'Mitsubishi', 'Blue', 2022);
INSERT INTO vehicle (driver_id, vehicle_type, license_plate, brand, color, manufacture_year) VALUES (15, '7', '45A-115.15', 'Honda', 'Gray', 2018);
INSERT INTO vehicle (driver_id, vehicle_type, license_plate, brand, color, manufacture_year) VALUES (16, '9', '46A-116.16', 'Kia', 'Black', 2021);
INSERT INTO vehicle (driver_id, vehicle_type, license_plate, brand, color, manufacture_year) VALUES (17, '4', '47A-117.17', 'Hyundai', 'Gray', 2022);
INSERT INTO vehicle (driver_id, vehicle_type, license_plate, brand, color, manufacture_year) VALUES (18, '9', '48A-118.18', 'Kia', 'Blue', 2025);
INSERT INTO vehicle (driver_id, vehicle_type, license_plate, brand, color, manufacture_year) VALUES (19, '9', '49A-119.19', 'Honda', 'Blue', 2015);
INSERT INTO vehicle (driver_id, vehicle_type, license_plate, brand, color, manufacture_year) VALUES (20, '4', '50A-120.20', 'Mitsubishi', 'Red', 2020);
INSERT INTO vehicle (driver_id, vehicle_type, license_plate, brand, color, manufacture_year) VALUES (21, '4', '51A-121.21', 'Kia', 'White', 2023);
INSERT INTO vehicle (driver_id, vehicle_type, license_plate, brand, color, manufacture_year) VALUES (22, '7', '52A-122.22', 'Toyota', 'Gray', 2017);
INSERT INTO vehicle (driver_id, vehicle_type, license_plate, brand, color, manufacture_year) VALUES (23, '7', '53A-123.23', 'Mazda', 'Black', 2016);
INSERT INTO vehicle (driver_id, vehicle_type, license_plate, brand, color, manufacture_year) VALUES (24, '7', '54A-124.24', 'Hyundai', 'Silver', 2024);
INSERT INTO vehicle (driver_id, vehicle_type, license_plate, brand, color, manufacture_year) VALUES (25, '9', '55A-125.25', 'Kia', 'Gray', 2016);
INSERT INTO vehicle (driver_id, vehicle_type, license_plate, brand, color, manufacture_year) VALUES (26, '7', '56A-126.26', 'Mazda', 'Red', 2021);
INSERT INTO vehicle (driver_id, vehicle_type, license_plate, brand, color, manufacture_year) VALUES (27, '7', '57A-127.27', 'Mazda', 'Gray', 2022);
INSERT INTO vehicle (driver_id, vehicle_type, license_plate, brand, color, manufacture_year) VALUES (28, '9', '58A-128.28', 'Toyota', 'Red', 2016);
INSERT INTO vehicle (driver_id, vehicle_type, license_plate, brand, color, manufacture_year) VALUES (29, '4', '59A-129.29', 'Mazda', 'Gray', 2019);
INSERT INTO vehicle (driver_id, vehicle_type, license_plate, brand, color, manufacture_year) VALUES (30, '4', '60A-130.30', 'Mazda', 'White', 2021);
INSERT INTO vehicle (driver_id, vehicle_type, license_plate, brand, color, manufacture_year) VALUES (31, '4', '61A-131.31', 'Mazda', 'Gray', 2016);
INSERT INTO vehicle (driver_id, vehicle_type, license_plate, brand, color, manufacture_year) VALUES (32, '7', '62A-132.32', 'Honda', 'Gray', 2019);
INSERT INTO vehicle (driver_id, vehicle_type, license_plate, brand, color, manufacture_year) VALUES (33, '4', '63A-133.33', 'Toyota', 'Silver', 2015);
INSERT INTO vehicle (driver_id, vehicle_type, license_plate, brand, color, manufacture_year) VALUES (34, '7', '64A-134.34', 'Hyundai', 'Silver', 2021);
INSERT INTO vehicle (driver_id, vehicle_type, license_plate, brand, color, manufacture_year) VALUES (35, '4', '65A-135.35', 'Honda', 'Red', 2021);
INSERT INTO vehicle (driver_id, vehicle_type, license_plate, brand, color, manufacture_year) VALUES (36, '9', '66A-136.36', 'Mazda', 'Black', 2017);
INSERT INTO vehicle (driver_id, vehicle_type, license_plate, brand, color, manufacture_year) VALUES (37, '4', '67A-137.37', 'Toyota', 'Red', 2021);
INSERT INTO vehicle (driver_id, vehicle_type, license_plate, brand, color, manufacture_year) VALUES (38, '9', '68A-138.38', 'Mazda', 'Black', 2022);
INSERT INTO vehicle (driver_id, vehicle_type, license_plate, brand, color, manufacture_year) VALUES (39, '9', '69A-139.39', 'Honda', 'Black', 2022);
INSERT INTO vehicle (driver_id, vehicle_type, license_plate, brand, color, manufacture_year) VALUES (40, '9', '70A-140.40', 'Hyundai', 'Blue', 2019);
INSERT INTO vehicle (driver_id, vehicle_type, license_plate, brand, color, manufacture_year) VALUES (41, '9', '71A-141.41', 'Toyota', 'Blue', 2019);
INSERT INTO vehicle (driver_id, vehicle_type, license_plate, brand, color, manufacture_year) VALUES (42, '9', '72A-142.42', 'Mitsubishi', 'Black', 2016);
INSERT INTO vehicle (driver_id, vehicle_type, license_plate, brand, color, manufacture_year) VALUES (43, '7', '73A-143.43', 'Hyundai', 'Red', 2019);
INSERT INTO vehicle (driver_id, vehicle_type, license_plate, brand, color, manufacture_year) VALUES (44, '9', '74A-144.44', 'Kia', 'Gray', 2019);
INSERT INTO vehicle (driver_id, vehicle_type, license_plate, brand, color, manufacture_year) VALUES (45, '7', '75A-145.45', 'Hyundai', 'Black', 2021);
INSERT INTO vehicle (driver_id, vehicle_type, license_plate, brand, color, manufacture_year) VALUES (46, '7', '76A-146.46', 'Toyota', 'Black', 2021);
INSERT INTO vehicle (driver_id, vehicle_type, license_plate, brand, color, manufacture_year) VALUES (47, '9', '77A-147.47', 'Hyundai', 'Red', 2019);
INSERT INTO vehicle (driver_id, vehicle_type, license_plate, brand, color, manufacture_year) VALUES (48, '9', '78A-148.48', 'Hyundai', 'White', 2025);
INSERT INTO vehicle (driver_id, vehicle_type, license_plate, brand, color, manufacture_year) VALUES (49, '7', '79A-149.49', 'Hyundai', 'White', 2024);
INSERT INTO vehicle (driver_id, vehicle_type, license_plate, brand, color, manufacture_year) VALUES (50, '9', '30A-150.50', 'Mazda', 'White', 2024);
INSERT INTO vehicle (driver_id, vehicle_type, license_plate, brand, color, manufacture_year) VALUES (51, '9', '31A-151.51', 'Kia', 'Silver', 2018);
INSERT INTO vehicle (driver_id, vehicle_type, license_plate, brand, color, manufacture_year) VALUES (52, '9', '32A-152.52', 'Hyundai', 'Black', 2025);
INSERT INTO vehicle (driver_id, vehicle_type, license_plate, brand, color, manufacture_year) VALUES (53, '4', '33A-153.53', 'Mitsubishi', 'Silver', 2025);
INSERT INTO vehicle (driver_id, vehicle_type, license_plate, brand, color, manufacture_year) VALUES (54, '9', '34A-154.54', 'Mazda', 'Gray', 2017);
INSERT INTO vehicle (driver_id, vehicle_type, license_plate, brand, color, manufacture_year) VALUES (55, '9', '35A-155.55', 'Toyota', 'Gray', 2025);
INSERT INTO vehicle (driver_id, vehicle_type, license_plate, brand, color, manufacture_year) VALUES (56, '4', '36A-156.56', 'Hyundai', 'Blue', 2015);
INSERT INTO vehicle (driver_id, vehicle_type, license_plate, brand, color, manufacture_year) VALUES (57, '9', '37A-157.57', 'Hyundai', 'Gray', 2017);
INSERT INTO vehicle (driver_id, vehicle_type, license_plate, brand, color, manufacture_year) VALUES (58, '4', '38A-158.58', 'Hyundai', 'Silver', 2021);
INSERT INTO vehicle (driver_id, vehicle_type, license_plate, brand, color, manufacture_year) VALUES (59, '4', '39A-159.59', 'Honda', 'Black', 2023);
INSERT INTO vehicle (driver_id, vehicle_type, license_plate, brand, color, manufacture_year) VALUES (60, '7', '40A-160.60', 'Mitsubishi', 'Red', 2019);
INSERT INTO vehicle (driver_id, vehicle_type, license_plate, brand, color, manufacture_year) VALUES (61, '4', '41A-161.61', 'Hyundai', 'Blue', 2019);
INSERT INTO vehicle (driver_id, vehicle_type, license_plate, brand, color, manufacture_year) VALUES (62, '9', '42A-162.62', 'Hyundai', 'White', 2022);
INSERT INTO vehicle (driver_id, vehicle_type, license_plate, brand, color, manufacture_year) VALUES (63, '4', '43A-163.63', 'Honda', 'Black', 2025);
INSERT INTO vehicle (driver_id, vehicle_type, license_plate, brand, color, manufacture_year) VALUES (64, '9', '44A-164.64', 'Mazda', 'Blue', 2023);
INSERT INTO vehicle (driver_id, vehicle_type, license_plate, brand, color, manufacture_year) VALUES (65, '7', '45A-165.65', 'Toyota', 'Blue', 2015);
INSERT INTO vehicle (driver_id, vehicle_type, license_plate, brand, color, manufacture_year) VALUES (66, '7', '46A-166.66', 'Mitsubishi', 'White', 2022);
INSERT INTO vehicle (driver_id, vehicle_type, license_plate, brand, color, manufacture_year) VALUES (67, '7', '47A-167.67', 'Mazda', 'Gray', 2025);
INSERT INTO vehicle (driver_id, vehicle_type, license_plate, brand, color, manufacture_year) VALUES (68, '7', '48A-168.68', 'Mitsubishi', 'Blue', 2025);
INSERT INTO vehicle (driver_id, vehicle_type, license_plate, brand, color, manufacture_year) VALUES (69, '7', '49A-169.69', 'Toyota', 'Gray', 2018);
INSERT INTO vehicle (driver_id, vehicle_type, license_plate, brand, color, manufacture_year) VALUES (70, '7', '50A-170.70', 'Toyota', 'Red', 2023);
INSERT INTO vehicle (driver_id, vehicle_type, license_plate, brand, color, manufacture_year) VALUES (71, '7', '51A-171.71', 'Mitsubishi', 'Black', 2025);
INSERT INTO vehicle (driver_id, vehicle_type, license_plate, brand, color, manufacture_year) VALUES (72, '4', '52A-172.72', 'Mazda', 'Blue', 2019);
INSERT INTO vehicle (driver_id, vehicle_type, license_plate, brand, color, manufacture_year) VALUES (73, '9', '53A-173.73', 'Kia', 'White', 2017);
INSERT INTO vehicle (driver_id, vehicle_type, license_plate, brand, color, manufacture_year) VALUES (74, '4', '54A-174.74', 'Toyota', 'Silver', 2022);
INSERT INTO vehicle (driver_id, vehicle_type, license_plate, brand, color, manufacture_year) VALUES (75, '4', '55A-175.75', 'Toyota', 'Black', 2023);
INSERT INTO vehicle (driver_id, vehicle_type, license_plate, brand, color, manufacture_year) VALUES (76, '4', '56A-176.76', 'Kia', 'Blue', 2020);
INSERT INTO vehicle (driver_id, vehicle_type, license_plate, brand, color, manufacture_year) VALUES (77, '9', '57A-177.77', 'Mazda', 'Gray', 2023);
INSERT INTO vehicle (driver_id, vehicle_type, license_plate, brand, color, manufacture_year) VALUES (78, '7', '58A-178.78', 'Mitsubishi', 'Gray', 2017);
INSERT INTO vehicle (driver_id, vehicle_type, license_plate, brand, color, manufacture_year) VALUES (79, '7', '59A-179.79', 'Mazda', 'White', 2022);
INSERT INTO vehicle (driver_id, vehicle_type, license_plate, brand, color, manufacture_year) VALUES (80, '9', '60A-180.80', 'Kia', 'Silver', 2015);
INSERT INTO vehicle (driver_id, vehicle_type, license_plate, brand, color, manufacture_year) VALUES (81, '9', '61A-181.81', 'Hyundai', 'Black', 2022);
INSERT INTO vehicle (driver_id, vehicle_type, license_plate, brand, color, manufacture_year) VALUES (82, '7', '62A-182.82', 'Honda', 'Silver', 2016);
INSERT INTO vehicle (driver_id, vehicle_type, license_plate, brand, color, manufacture_year) VALUES (83, '9', '63A-183.83', 'Hyundai', 'Red', 2025);
INSERT INTO vehicle (driver_id, vehicle_type, license_plate, brand, color, manufacture_year) VALUES (84, '7', '64A-184.84', 'Toyota', 'Blue', 2019);
INSERT INTO vehicle (driver_id, vehicle_type, license_plate, brand, color, manufacture_year) VALUES (85, '4', '65A-185.85', 'Toyota', 'Blue', 2016);
INSERT INTO vehicle (driver_id, vehicle_type, license_plate, brand, color, manufacture_year) VALUES (86, '9', '66A-186.86', 'Honda', 'Gray', 2025);
INSERT INTO vehicle (driver_id, vehicle_type, license_plate, brand, color, manufacture_year) VALUES (87, '9', '67A-187.87', 'Toyota', 'White', 2020);
INSERT INTO vehicle (driver_id, vehicle_type, license_plate, brand, color, manufacture_year) VALUES (88, '4', '68A-188.88', 'Honda', 'Red', 2018);
INSERT INTO vehicle (driver_id, vehicle_type, license_plate, brand, color, manufacture_year) VALUES (89, '4', '69A-189.89', 'Mitsubishi', 'Black', 2024);
INSERT INTO vehicle (driver_id, vehicle_type, license_plate, brand, color, manufacture_year) VALUES (90, '4', '70A-190.90', 'Honda', 'Silver', 2017);
INSERT INTO vehicle (driver_id, vehicle_type, license_plate, brand, color, manufacture_year) VALUES (91, '9', '71A-191.91', 'Toyota', 'Silver', 2017);
INSERT INTO vehicle (driver_id, vehicle_type, license_plate, brand, color, manufacture_year) VALUES (92, '4', '72A-192.92', 'Mitsubishi', 'Silver', 2017);
INSERT INTO vehicle (driver_id, vehicle_type, license_plate, brand, color, manufacture_year) VALUES (93, '4', '73A-193.93', 'Mazda', 'White', 2017);
INSERT INTO vehicle (driver_id, vehicle_type, license_plate, brand, color, manufacture_year) VALUES (94, '4', '74A-194.94', 'Hyundai', 'Black', 2024);
INSERT INTO vehicle (driver_id, vehicle_type, license_plate, brand, color, manufacture_year) VALUES (95, '7', '75A-195.95', 'Toyota', 'Black', 2019);
INSERT INTO vehicle (driver_id, vehicle_type, license_plate, brand, color, manufacture_year) VALUES (96, '4', '76A-196.96', 'Honda', 'Gray', 2021);
INSERT INTO vehicle (driver_id, vehicle_type, license_plate, brand, color, manufacture_year) VALUES (97, '9', '77A-197.97', 'Toyota', 'Gray', 2016);
INSERT INTO vehicle (driver_id, vehicle_type, license_plate, brand, color, manufacture_year) VALUES (98, '7', '78A-198.98', 'Kia', 'Silver', 2023);
INSERT INTO vehicle (driver_id, vehicle_type, license_plate, brand, color, manufacture_year) VALUES (99, '9', '79A-199.99', 'Toyota', 'Blue', 2023);
INSERT INTO vehicle (driver_id, vehicle_type, license_plate, brand, color, manufacture_year) VALUES (100, '4', '30A-200.00', 'Mitsubishi', 'White', 2025);

-- pricing_rule
INSERT INTO pricing_rule (start_km, end_km, price_per_km_vnd, is_base_fare, effective_from, priority) VALUES (0, 2, 26000, TRUE, '2025-01-01', 1);
INSERT INTO pricing_rule (start_km, end_km, price_per_km_vnd, is_base_fare, effective_from, priority) VALUES (2, 4, 25880, FALSE, '2025-01-01', 2);
INSERT INTO pricing_rule (start_km, end_km, price_per_km_vnd, is_base_fare, effective_from, priority) VALUES (4, 6, 25760, FALSE, '2025-01-01', 3);
INSERT INTO pricing_rule (start_km, end_km, price_per_km_vnd, is_base_fare, effective_from, priority) VALUES (6, 8, 25640, FALSE, '2025-01-01', 4);
INSERT INTO pricing_rule (start_km, end_km, price_per_km_vnd, is_base_fare, effective_from, priority) VALUES (8, 10, 25520, FALSE, '2025-01-01', 5);
INSERT INTO pricing_rule (start_km, end_km, price_per_km_vnd, is_base_fare, effective_from, priority) VALUES (10, 12, 25400, FALSE, '2025-01-01', 6);
INSERT INTO pricing_rule (start_km, end_km, price_per_km_vnd, is_base_fare, effective_from, priority) VALUES (12, 14, 25280, FALSE, '2025-01-01', 7);
INSERT INTO pricing_rule (start_km, end_km, price_per_km_vnd, is_base_fare, effective_from, priority) VALUES (14, 16, 25160, FALSE, '2025-01-01', 8);
INSERT INTO pricing_rule (start_km, end_km, price_per_km_vnd, is_base_fare, effective_from, priority) VALUES (16, 18, 25040, FALSE, '2025-01-01', 9);
INSERT INTO pricing_rule (start_km, end_km, price_per_km_vnd, is_base_fare, effective_from, priority) VALUES (18, 20, 24920, FALSE, '2025-01-01', 10);
INSERT INTO pricing_rule (start_km, end_km, price_per_km_vnd, is_base_fare, effective_from, priority) VALUES (20, 22, 24800, FALSE, '2025-01-01', 11);
INSERT INTO pricing_rule (start_km, end_km, price_per_km_vnd, is_base_fare, effective_from, priority) VALUES (22, 24, 24680, FALSE, '2025-01-01', 12);
INSERT INTO pricing_rule (start_km, end_km, price_per_km_vnd, is_base_fare, effective_from, priority) VALUES (24, 26, 24560, FALSE, '2025-01-01', 13);
INSERT INTO pricing_rule (start_km, end_km, price_per_km_vnd, is_base_fare, effective_from, priority) VALUES (26, 28, 24440, FALSE, '2025-01-01', 14);
INSERT INTO pricing_rule (start_km, end_km, price_per_km_vnd, is_base_fare, effective_from, priority) VALUES (28, 30, 24320, FALSE, '2025-01-01', 15);
INSERT INTO pricing_rule (start_km, end_km, price_per_km_vnd, is_base_fare, effective_from, priority) VALUES (30, 32, 24200, FALSE, '2025-01-01', 16);
INSERT INTO pricing_rule (start_km, end_km, price_per_km_vnd, is_base_fare, effective_from, priority) VALUES (32, 34, 24080, FALSE, '2025-01-01', 17);
INSERT INTO pricing_rule (start_km, end_km, price_per_km_vnd, is_base_fare, effective_from, priority) VALUES (34, 36, 23960, FALSE, '2025-01-01', 18);
INSERT INTO pricing_rule (start_km, end_km, price_per_km_vnd, is_base_fare, effective_from, priority) VALUES (36, 38, 23840, FALSE, '2025-01-01', 19);
INSERT INTO pricing_rule (start_km, end_km, price_per_km_vnd, is_base_fare, effective_from, priority) VALUES (38, 40, 23720, FALSE, '2025-01-01', 20);
INSERT INTO pricing_rule (start_km, end_km, price_per_km_vnd, is_base_fare, effective_from, priority) VALUES (40, 42, 23600, FALSE, '2025-01-01', 21);
INSERT INTO pricing_rule (start_km, end_km, price_per_km_vnd, is_base_fare, effective_from, priority) VALUES (42, 44, 23480, FALSE, '2025-01-01', 22);
INSERT INTO pricing_rule (start_km, end_km, price_per_km_vnd, is_base_fare, effective_from, priority) VALUES (44, 46, 23360, FALSE, '2025-01-01', 23);
INSERT INTO pricing_rule (start_km, end_km, price_per_km_vnd, is_base_fare, effective_from, priority) VALUES (46, 48, 23240, FALSE, '2025-01-01', 24);
INSERT INTO pricing_rule (start_km, end_km, price_per_km_vnd, is_base_fare, effective_from, priority) VALUES (48, 50, 23120, FALSE, '2025-01-01', 25);
INSERT INTO pricing_rule (start_km, end_km, price_per_km_vnd, is_base_fare, effective_from, priority) VALUES (50, 52, 23000, FALSE, '2025-01-01', 26);
INSERT INTO pricing_rule (start_km, end_km, price_per_km_vnd, is_base_fare, effective_from, priority) VALUES (52, 54, 22880, FALSE, '2025-01-01', 27);
INSERT INTO pricing_rule (start_km, end_km, price_per_km_vnd, is_base_fare, effective_from, priority) VALUES (54, 56, 22760, FALSE, '2025-01-01', 28);
INSERT INTO pricing_rule (start_km, end_km, price_per_km_vnd, is_base_fare, effective_from, priority) VALUES (56, 58, 22640, FALSE, '2025-01-01', 29);
INSERT INTO pricing_rule (start_km, end_km, price_per_km_vnd, is_base_fare, effective_from, priority) VALUES (58, 60, 22520, FALSE, '2025-01-01', 30);
INSERT INTO pricing_rule (start_km, end_km, price_per_km_vnd, is_base_fare, effective_from, priority) VALUES (60, 62, 22400, FALSE, '2025-01-01', 31);
INSERT INTO pricing_rule (start_km, end_km, price_per_km_vnd, is_base_fare, effective_from, priority) VALUES (62, 64, 22280, FALSE, '2025-01-01', 32);
INSERT INTO pricing_rule (start_km, end_km, price_per_km_vnd, is_base_fare, effective_from, priority) VALUES (64, 66, 22160, FALSE, '2025-01-01', 33);
INSERT INTO pricing_rule (start_km, end_km, price_per_km_vnd, is_base_fare, effective_from, priority) VALUES (66, 68, 22040, FALSE, '2025-01-01', 34);
INSERT INTO pricing_rule (start_km, end_km, price_per_km_vnd, is_base_fare, effective_from, priority) VALUES (68, 70, 21920, FALSE, '2025-01-01', 35);
INSERT INTO pricing_rule (start_km, end_km, price_per_km_vnd, is_base_fare, effective_from, priority) VALUES (70, 72, 21800, FALSE, '2025-01-01', 36);
INSERT INTO pricing_rule (start_km, end_km, price_per_km_vnd, is_base_fare, effective_from, priority) VALUES (72, 74, 21680, FALSE, '2025-01-01', 37);
INSERT INTO pricing_rule (start_km, end_km, price_per_km_vnd, is_base_fare, effective_from, priority) VALUES (74, 76, 21560, FALSE, '2025-01-01', 38);
INSERT INTO pricing_rule (start_km, end_km, price_per_km_vnd, is_base_fare, effective_from, priority) VALUES (76, 78, 21440, FALSE, '2025-01-01', 39);
INSERT INTO pricing_rule (start_km, end_km, price_per_km_vnd, is_base_fare, effective_from, priority) VALUES (78, 80, 21320, FALSE, '2025-01-01', 40);
INSERT INTO pricing_rule (start_km, end_km, price_per_km_vnd, is_base_fare, effective_from, priority) VALUES (80, 82, 21200, FALSE, '2025-01-01', 41);
INSERT INTO pricing_rule (start_km, end_km, price_per_km_vnd, is_base_fare, effective_from, priority) VALUES (82, 84, 21080, FALSE, '2025-01-01', 42);
INSERT INTO pricing_rule (start_km, end_km, price_per_km_vnd, is_base_fare, effective_from, priority) VALUES (84, 86, 20960, FALSE, '2025-01-01', 43);
INSERT INTO pricing_rule (start_km, end_km, price_per_km_vnd, is_base_fare, effective_from, priority) VALUES (86, 88, 20840, FALSE, '2025-01-01', 44);
INSERT INTO pricing_rule (start_km, end_km, price_per_km_vnd, is_base_fare, effective_from, priority) VALUES (88, 90, 20720, FALSE, '2025-01-01', 45);
INSERT INTO pricing_rule (start_km, end_km, price_per_km_vnd, is_base_fare, effective_from, priority) VALUES (90, 92, 20600, FALSE, '2025-01-01', 46);
INSERT INTO pricing_rule (start_km, end_km, price_per_km_vnd, is_base_fare, effective_from, priority) VALUES (92, 94, 20480, FALSE, '2025-01-01', 47);
INSERT INTO pricing_rule (start_km, end_km, price_per_km_vnd, is_base_fare, effective_from, priority) VALUES (94, 96, 20360, FALSE, '2025-01-01', 48);
INSERT INTO pricing_rule (start_km, end_km, price_per_km_vnd, is_base_fare, effective_from, priority) VALUES (96, 98, 20240, FALSE, '2025-01-01', 49);
INSERT INTO pricing_rule (start_km, end_km, price_per_km_vnd, is_base_fare, effective_from, priority) VALUES (98, 100, 20120, FALSE, '2025-01-01', 50);
INSERT INTO pricing_rule (start_km, end_km, price_per_km_vnd, is_base_fare, effective_from, priority) VALUES (100, 102, 20000, FALSE, '2025-01-01', 51);
INSERT INTO pricing_rule (start_km, end_km, price_per_km_vnd, is_base_fare, effective_from, priority) VALUES (102, 104, 19880, FALSE, '2025-01-01', 52);
INSERT INTO pricing_rule (start_km, end_km, price_per_km_vnd, is_base_fare, effective_from, priority) VALUES (104, 106, 19760, FALSE, '2025-01-01', 53);
INSERT INTO pricing_rule (start_km, end_km, price_per_km_vnd, is_base_fare, effective_from, priority) VALUES (106, 108, 19640, FALSE, '2025-01-01', 54);
INSERT INTO pricing_rule (start_km, end_km, price_per_km_vnd, is_base_fare, effective_from, priority) VALUES (108, 110, 19520, FALSE, '2025-01-01', 55);
INSERT INTO pricing_rule (start_km, end_km, price_per_km_vnd, is_base_fare, effective_from, priority) VALUES (110, 112, 19400, FALSE, '2025-01-01', 56);
INSERT INTO pricing_rule (start_km, end_km, price_per_km_vnd, is_base_fare, effective_from, priority) VALUES (112, 114, 19280, FALSE, '2025-01-01', 57);
INSERT INTO pricing_rule (start_km, end_km, price_per_km_vnd, is_base_fare, effective_from, priority) VALUES (114, 116, 19160, FALSE, '2025-01-01', 58);
INSERT INTO pricing_rule (start_km, end_km, price_per_km_vnd, is_base_fare, effective_from, priority) VALUES (116, 118, 19040, FALSE, '2025-01-01', 59);
INSERT INTO pricing_rule (start_km, end_km, price_per_km_vnd, is_base_fare, effective_from, priority) VALUES (118, 120, 18920, FALSE, '2025-01-01', 60);
INSERT INTO pricing_rule (start_km, end_km, price_per_km_vnd, is_base_fare, effective_from, priority) VALUES (120, 122, 18800, FALSE, '2025-01-01', 61);
INSERT INTO pricing_rule (start_km, end_km, price_per_km_vnd, is_base_fare, effective_from, priority) VALUES (122, 124, 18680, FALSE, '2025-01-01', 62);
INSERT INTO pricing_rule (start_km, end_km, price_per_km_vnd, is_base_fare, effective_from, priority) VALUES (124, 126, 18560, FALSE, '2025-01-01', 63);
INSERT INTO pricing_rule (start_km, end_km, price_per_km_vnd, is_base_fare, effective_from, priority) VALUES (126, 128, 18440, FALSE, '2025-01-01', 64);
INSERT INTO pricing_rule (start_km, end_km, price_per_km_vnd, is_base_fare, effective_from, priority) VALUES (128, 130, 18320, FALSE, '2025-01-01', 65);
INSERT INTO pricing_rule (start_km, end_km, price_per_km_vnd, is_base_fare, effective_from, priority) VALUES (130, 132, 18200, FALSE, '2025-01-01', 66);
INSERT INTO pricing_rule (start_km, end_km, price_per_km_vnd, is_base_fare, effective_from, priority) VALUES (132, 134, 18080, FALSE, '2025-01-01', 67);
INSERT INTO pricing_rule (start_km, end_km, price_per_km_vnd, is_base_fare, effective_from, priority) VALUES (134, 136, 17960, FALSE, '2025-01-01', 68);
INSERT INTO pricing_rule (start_km, end_km, price_per_km_vnd, is_base_fare, effective_from, priority) VALUES (136, 138, 17840, FALSE, '2025-01-01', 69);
INSERT INTO pricing_rule (start_km, end_km, price_per_km_vnd, is_base_fare, effective_from, priority) VALUES (138, 140, 17720, FALSE, '2025-01-01', 70);
INSERT INTO pricing_rule (start_km, end_km, price_per_km_vnd, is_base_fare, effective_from, priority) VALUES (140, 142, 17600, FALSE, '2025-01-01', 71);
INSERT INTO pricing_rule (start_km, end_km, price_per_km_vnd, is_base_fare, effective_from, priority) VALUES (142, 144, 17480, FALSE, '2025-01-01', 72);
INSERT INTO pricing_rule (start_km, end_km, price_per_km_vnd, is_base_fare, effective_from, priority) VALUES (144, 146, 17360, FALSE, '2025-01-01', 73);
INSERT INTO pricing_rule (start_km, end_km, price_per_km_vnd, is_base_fare, effective_from, priority) VALUES (146, 148, 17240, FALSE, '2025-01-01', 74);
INSERT INTO pricing_rule (start_km, end_km, price_per_km_vnd, is_base_fare, effective_from, priority) VALUES (148, 150, 17120, FALSE, '2025-01-01', 75);
INSERT INTO pricing_rule (start_km, end_km, price_per_km_vnd, is_base_fare, effective_from, priority) VALUES (150, 152, 17000, FALSE, '2025-01-01', 76);
INSERT INTO pricing_rule (start_km, end_km, price_per_km_vnd, is_base_fare, effective_from, priority) VALUES (152, 154, 16880, FALSE, '2025-01-01', 77);
INSERT INTO pricing_rule (start_km, end_km, price_per_km_vnd, is_base_fare, effective_from, priority) VALUES (154, 156, 16760, FALSE, '2025-01-01', 78);
INSERT INTO pricing_rule (start_km, end_km, price_per_km_vnd, is_base_fare, effective_from, priority) VALUES (156, 158, 16640, FALSE, '2025-01-01', 79);
INSERT INTO pricing_rule (start_km, end_km, price_per_km_vnd, is_base_fare, effective_from, priority) VALUES (158, 160, 16520, FALSE, '2025-01-01', 80);
INSERT INTO pricing_rule (start_km, end_km, price_per_km_vnd, is_base_fare, effective_from, priority) VALUES (160, 162, 16400, FALSE, '2025-01-01', 81);
INSERT INTO pricing_rule (start_km, end_km, price_per_km_vnd, is_base_fare, effective_from, priority) VALUES (162, 164, 16280, FALSE, '2025-01-01', 82);
INSERT INTO pricing_rule (start_km, end_km, price_per_km_vnd, is_base_fare, effective_from, priority) VALUES (164, 166, 16160, FALSE, '2025-01-01', 83);
INSERT INTO pricing_rule (start_km, end_km, price_per_km_vnd, is_base_fare, effective_from, priority) VALUES (166, 168, 16040, FALSE, '2025-01-01', 84);
INSERT INTO pricing_rule (start_km, end_km, price_per_km_vnd, is_base_fare, effective_from, priority) VALUES (168, 170, 15920, FALSE, '2025-01-01', 85);
INSERT INTO pricing_rule (start_km, end_km, price_per_km_vnd, is_base_fare, effective_from, priority) VALUES (170, 172, 15800, FALSE, '2025-01-01', 86);
INSERT INTO pricing_rule (start_km, end_km, price_per_km_vnd, is_base_fare, effective_from, priority) VALUES (172, 174, 15680, FALSE, '2025-01-01', 87);
INSERT INTO pricing_rule (start_km, end_km, price_per_km_vnd, is_base_fare, effective_from, priority) VALUES (174, 176, 15560, FALSE, '2025-01-01', 88);
INSERT INTO pricing_rule (start_km, end_km, price_per_km_vnd, is_base_fare, effective_from, priority) VALUES (176, 178, 15440, FALSE, '2025-01-01', 89);
INSERT INTO pricing_rule (start_km, end_km, price_per_km_vnd, is_base_fare, effective_from, priority) VALUES (178, 180, 15320, FALSE, '2025-01-01', 90);
INSERT INTO pricing_rule (start_km, end_km, price_per_km_vnd, is_base_fare, effective_from, priority) VALUES (180, 182, 15200, FALSE, '2025-01-01', 91);
INSERT INTO pricing_rule (start_km, end_km, price_per_km_vnd, is_base_fare, effective_from, priority) VALUES (182, 184, 15080, FALSE, '2025-01-01', 92);
INSERT INTO pricing_rule (start_km, end_km, price_per_km_vnd, is_base_fare, effective_from, priority) VALUES (184, 186, 14960, FALSE, '2025-01-01', 93);
INSERT INTO pricing_rule (start_km, end_km, price_per_km_vnd, is_base_fare, effective_from, priority) VALUES (186, 188, 14840, FALSE, '2025-01-01', 94);
INSERT INTO pricing_rule (start_km, end_km, price_per_km_vnd, is_base_fare, effective_from, priority) VALUES (188, 190, 14720, FALSE, '2025-01-01', 95);
INSERT INTO pricing_rule (start_km, end_km, price_per_km_vnd, is_base_fare, effective_from, priority) VALUES (190, 192, 14600, FALSE, '2025-01-01', 96);
INSERT INTO pricing_rule (start_km, end_km, price_per_km_vnd, is_base_fare, effective_from, priority) VALUES (192, 194, 14480, FALSE, '2025-01-01', 97);
INSERT INTO pricing_rule (start_km, end_km, price_per_km_vnd, is_base_fare, effective_from, priority) VALUES (194, 196, 14360, FALSE, '2025-01-01', 98);
INSERT INTO pricing_rule (start_km, end_km, price_per_km_vnd, is_base_fare, effective_from, priority) VALUES (196, 198, 14240, FALSE, '2025-01-01', 99);
INSERT INTO pricing_rule (start_km, end_km, price_per_km_vnd, is_base_fare, effective_from, priority) VALUES (198, NULL, 14120, FALSE, '2025-01-01', 100);

-- driver_license
INSERT INTO driver_license (driver_id, license_type, issue_date, issue_place, expiry_date) VALUES (1, 'C', '2020-12-03', 'Hà Nội', '2030-12-01');
INSERT INTO driver_license (driver_id, license_type, issue_date, issue_place, expiry_date) VALUES (2, 'D', '2020-07-27', 'Hà Nội', '2030-07-25');
INSERT INTO driver_license (driver_id, license_type, issue_date, issue_place, expiry_date) VALUES (3, 'B', '2023-05-29', 'Hà Nội', '2033-05-26');
INSERT INTO driver_license (driver_id, license_type, issue_date, issue_place, expiry_date) VALUES (4, 'D1', '2018-05-05', 'Hà Nội', '2028-05-02');
INSERT INTO driver_license (driver_id, license_type, issue_date, issue_place, expiry_date) VALUES (5, 'D1', '2022-10-02', 'Hà Nội', '2032-09-29');
INSERT INTO driver_license (driver_id, license_type, issue_date, issue_place, expiry_date) VALUES (6, 'D', '2020-05-23', 'Hà Nội', '2030-05-21');
INSERT INTO driver_license (driver_id, license_type, issue_date, issue_place, expiry_date) VALUES (7, 'D1', '2018-08-10', 'Hà Nội', '2028-08-07');
INSERT INTO driver_license (driver_id, license_type, issue_date, issue_place, expiry_date) VALUES (8, 'D1', '2021-12-29', 'Hà Nội', '2031-12-27');
INSERT INTO driver_license (driver_id, license_type, issue_date, issue_place, expiry_date) VALUES (9, 'B', '2018-05-31', 'Hà Nội', '2028-05-28');
INSERT INTO driver_license (driver_id, license_type, issue_date, issue_place, expiry_date) VALUES (10, 'D2', '2019-10-22', 'Hà Nội', '2029-10-19');
INSERT INTO driver_license (driver_id, license_type, issue_date, issue_place, expiry_date) VALUES (11, 'B', '2018-10-31', 'Hà Nội', '2028-10-28');
INSERT INTO driver_license (driver_id, license_type, issue_date, issue_place, expiry_date) VALUES (12, 'C', '2018-09-16', 'Hà Nội', '2028-09-13');
INSERT INTO driver_license (driver_id, license_type, issue_date, issue_place, expiry_date) VALUES (13, 'D', '2021-07-02', 'Hà Nội', '2031-06-30');
INSERT INTO driver_license (driver_id, license_type, issue_date, issue_place, expiry_date) VALUES (14, 'D2', '2021-04-13', 'Hà Nội', '2031-04-11');
INSERT INTO driver_license (driver_id, license_type, issue_date, issue_place, expiry_date) VALUES (15, 'C', '2021-12-29', 'Hà Nội', '2031-12-27');
INSERT INTO driver_license (driver_id, license_type, issue_date, issue_place, expiry_date) VALUES (16, 'D2', '2020-02-20', 'Hà Nội', '2030-02-17');
INSERT INTO driver_license (driver_id, license_type, issue_date, issue_place, expiry_date) VALUES (17, 'C', '2020-12-22', 'Hà Nội', '2030-12-20');
INSERT INTO driver_license (driver_id, license_type, issue_date, issue_place, expiry_date) VALUES (18, 'D2', '2020-07-18', 'Hà Nội', '2030-07-16');
INSERT INTO driver_license (driver_id, license_type, issue_date, issue_place, expiry_date) VALUES (19, 'D1', '2021-05-24', 'Hà Nội', '2031-05-22');
INSERT INTO driver_license (driver_id, license_type, issue_date, issue_place, expiry_date) VALUES (20, 'D', '2018-07-23', 'Hà Nội', '2028-07-20');
INSERT INTO driver_license (driver_id, license_type, issue_date, issue_place, expiry_date) VALUES (21, 'D', '2018-08-23', 'Hà Nội', '2028-08-20');
INSERT INTO driver_license (driver_id, license_type, issue_date, issue_place, expiry_date) VALUES (22, 'D2', '2021-08-26', 'Hà Nội', '2031-08-24');
INSERT INTO driver_license (driver_id, license_type, issue_date, issue_place, expiry_date) VALUES (23, 'C1', '2022-01-16', 'Hà Nội', '2032-01-14');
INSERT INTO driver_license (driver_id, license_type, issue_date, issue_place, expiry_date) VALUES (24, 'D1', '2020-05-30', 'Hà Nội', '2030-05-28');
INSERT INTO driver_license (driver_id, license_type, issue_date, issue_place, expiry_date) VALUES (25, 'C1', '2022-12-24', 'Hà Nội', '2032-12-21');
INSERT INTO driver_license (driver_id, license_type, issue_date, issue_place, expiry_date) VALUES (26, 'C', '2020-04-27', 'Hà Nội', '2030-04-25');
INSERT INTO driver_license (driver_id, license_type, issue_date, issue_place, expiry_date) VALUES (27, 'D1', '2022-08-22', 'Hà Nội', '2032-08-19');
INSERT INTO driver_license (driver_id, license_type, issue_date, issue_place, expiry_date) VALUES (28, 'D1', '2020-03-27', 'Hà Nội', '2030-03-25');
INSERT INTO driver_license (driver_id, license_type, issue_date, issue_place, expiry_date) VALUES (29, 'B', '2022-02-03', 'Hà Nội', '2032-02-01');
INSERT INTO driver_license (driver_id, license_type, issue_date, issue_place, expiry_date) VALUES (30, 'D1', '2019-10-03', 'Hà Nội', '2029-09-30');
INSERT INTO driver_license (driver_id, license_type, issue_date, issue_place, expiry_date) VALUES (31, 'D', '2019-10-03', 'Hà Nội', '2029-09-30');
INSERT INTO driver_license (driver_id, license_type, issue_date, issue_place, expiry_date) VALUES (32, 'C', '2019-06-07', 'Hà Nội', '2029-06-04');
INSERT INTO driver_license (driver_id, license_type, issue_date, issue_place, expiry_date) VALUES (33, 'C1', '2023-05-07', 'Hà Nội', '2033-05-04');
INSERT INTO driver_license (driver_id, license_type, issue_date, issue_place, expiry_date) VALUES (34, 'D1', '2021-11-07', 'Hà Nội', '2031-11-05');
INSERT INTO driver_license (driver_id, license_type, issue_date, issue_place, expiry_date) VALUES (35, 'B', '2018-05-18', 'Hà Nội', '2028-05-15');
INSERT INTO driver_license (driver_id, license_type, issue_date, issue_place, expiry_date) VALUES (36, 'B', '2022-08-31', 'Hà Nội', '2032-08-28');
INSERT INTO driver_license (driver_id, license_type, issue_date, issue_place, expiry_date) VALUES (37, 'D1', '2018-07-10', 'Hà Nội', '2028-07-07');
INSERT INTO driver_license (driver_id, license_type, issue_date, issue_place, expiry_date) VALUES (38, 'D', '2018-07-17', 'Hà Nội', '2028-07-14');
INSERT INTO driver_license (driver_id, license_type, issue_date, issue_place, expiry_date) VALUES (39, 'C', '2022-02-22', 'Hà Nội', '2032-02-20');
INSERT INTO driver_license (driver_id, license_type, issue_date, issue_place, expiry_date) VALUES (40, 'C1', '2022-07-21', 'Hà Nội', '2032-07-18');
INSERT INTO driver_license (driver_id, license_type, issue_date, issue_place, expiry_date) VALUES (41, 'B', '2021-02-13', 'Hà Nội', '2031-02-11');
INSERT INTO driver_license (driver_id, license_type, issue_date, issue_place, expiry_date) VALUES (42, 'D2', '2021-04-16', 'Hà Nội', '2031-04-14');
INSERT INTO driver_license (driver_id, license_type, issue_date, issue_place, expiry_date) VALUES (43, 'C', '2021-02-24', 'Hà Nội', '2031-02-22');
INSERT INTO driver_license (driver_id, license_type, issue_date, issue_place, expiry_date) VALUES (44, 'B', '2021-10-04', 'Hà Nội', '2031-10-02');
INSERT INTO driver_license (driver_id, license_type, issue_date, issue_place, expiry_date) VALUES (45, 'C', '2020-04-21', 'Hà Nội', '2030-04-19');
INSERT INTO driver_license (driver_id, license_type, issue_date, issue_place, expiry_date) VALUES (46, 'D', '2022-11-25', 'Hà Nội', '2032-11-22');
INSERT INTO driver_license (driver_id, license_type, issue_date, issue_place, expiry_date) VALUES (47, 'D1', '2023-04-12', 'Hà Nội', '2033-04-09');
INSERT INTO driver_license (driver_id, license_type, issue_date, issue_place, expiry_date) VALUES (48, 'D', '2022-11-13', 'Hà Nội', '2032-11-10');
INSERT INTO driver_license (driver_id, license_type, issue_date, issue_place, expiry_date) VALUES (49, 'C', '2018-04-16', 'Hà Nội', '2028-04-13');
INSERT INTO driver_license (driver_id, license_type, issue_date, issue_place, expiry_date) VALUES (50, 'C', '2021-05-14', 'Hà Nội', '2031-05-12');
INSERT INTO driver_license (driver_id, license_type, issue_date, issue_place, expiry_date) VALUES (51, 'B', '2019-12-22', 'Hà Nội', '2029-12-19');
INSERT INTO driver_license (driver_id, license_type, issue_date, issue_place, expiry_date) VALUES (52, 'D2', '2021-03-29', 'Hà Nội', '2031-03-27');
INSERT INTO driver_license (driver_id, license_type, issue_date, issue_place, expiry_date) VALUES (53, 'C1', '2019-03-12', 'Hà Nội', '2029-03-09');
INSERT INTO driver_license (driver_id, license_type, issue_date, issue_place, expiry_date) VALUES (54, 'D1', '2021-09-06', 'Hà Nội', '2031-09-04');
INSERT INTO driver_license (driver_id, license_type, issue_date, issue_place, expiry_date) VALUES (55, 'B', '2019-04-05', 'Hà Nội', '2029-04-02');
INSERT INTO driver_license (driver_id, license_type, issue_date, issue_place, expiry_date) VALUES (56, 'D2', '2019-12-19', 'Hà Nội', '2029-12-16');
INSERT INTO driver_license (driver_id, license_type, issue_date, issue_place, expiry_date) VALUES (57, 'B', '2020-01-23', 'Hà Nội', '2030-01-20');
INSERT INTO driver_license (driver_id, license_type, issue_date, issue_place, expiry_date) VALUES (58, 'C', '2022-04-11', 'Hà Nội', '2032-04-08');
INSERT INTO driver_license (driver_id, license_type, issue_date, issue_place, expiry_date) VALUES (59, 'C1', '2021-03-21', 'Hà Nội', '2031-03-19');
INSERT INTO driver_license (driver_id, license_type, issue_date, issue_place, expiry_date) VALUES (60, 'D1', '2022-07-12', 'Hà Nội', '2032-07-09');
INSERT INTO driver_license (driver_id, license_type, issue_date, issue_place, expiry_date) VALUES (61, 'D2', '2022-09-27', 'Hà Nội', '2032-09-24');
INSERT INTO driver_license (driver_id, license_type, issue_date, issue_place, expiry_date) VALUES (62, 'D2', '2023-06-19', 'Hà Nội', '2033-06-16');
INSERT INTO driver_license (driver_id, license_type, issue_date, issue_place, expiry_date) VALUES (63, 'D', '2021-06-10', 'Hà Nội', '2031-06-08');
INSERT INTO driver_license (driver_id, license_type, issue_date, issue_place, expiry_date) VALUES (64, 'D2', '2021-08-09', 'Hà Nội', '2031-08-07');
INSERT INTO driver_license (driver_id, license_type, issue_date, issue_place, expiry_date) VALUES (65, 'D2', '2018-02-23', 'Hà Nội', '2028-02-21');
INSERT INTO driver_license (driver_id, license_type, issue_date, issue_place, expiry_date) VALUES (66, 'D', '2023-03-18', 'Hà Nội', '2033-03-15');
INSERT INTO driver_license (driver_id, license_type, issue_date, issue_place, expiry_date) VALUES (67, 'D', '2022-08-26', 'Hà Nội', '2032-08-23');
INSERT INTO driver_license (driver_id, license_type, issue_date, issue_place, expiry_date) VALUES (68, 'B', '2019-07-02', 'Hà Nội', '2029-06-29');
INSERT INTO driver_license (driver_id, license_type, issue_date, issue_place, expiry_date) VALUES (69, 'C', '2019-01-05', 'Hà Nội', '2029-01-02');
INSERT INTO driver_license (driver_id, license_type, issue_date, issue_place, expiry_date) VALUES (70, 'C', '2021-12-10', 'Hà Nội', '2031-12-08');
INSERT INTO driver_license (driver_id, license_type, issue_date, issue_place, expiry_date) VALUES (71, 'C', '2023-03-03', 'Hà Nội', '2033-02-28');
INSERT INTO driver_license (driver_id, license_type, issue_date, issue_place, expiry_date) VALUES (72, 'B', '2019-12-20', 'Hà Nội', '2029-12-17');
INSERT INTO driver_license (driver_id, license_type, issue_date, issue_place, expiry_date) VALUES (73, 'C1', '2019-01-07', 'Hà Nội', '2029-01-04');
INSERT INTO driver_license (driver_id, license_type, issue_date, issue_place, expiry_date) VALUES (74, 'D', '2021-03-05', 'Hà Nội', '2031-03-03');
INSERT INTO driver_license (driver_id, license_type, issue_date, issue_place, expiry_date) VALUES (75, 'B', '2020-03-31', 'Hà Nội', '2030-03-29');
INSERT INTO driver_license (driver_id, license_type, issue_date, issue_place, expiry_date) VALUES (76, 'D', '2018-10-18', 'Hà Nội', '2028-10-15');
INSERT INTO driver_license (driver_id, license_type, issue_date, issue_place, expiry_date) VALUES (77, 'B', '2021-07-20', 'Hà Nội', '2031-07-18');
INSERT INTO driver_license (driver_id, license_type, issue_date, issue_place, expiry_date) VALUES (78, 'D', '2018-07-07', 'Hà Nội', '2028-07-04');
INSERT INTO driver_license (driver_id, license_type, issue_date, issue_place, expiry_date) VALUES (79, 'C1', '2020-12-22', 'Hà Nội', '2030-12-20');
INSERT INTO driver_license (driver_id, license_type, issue_date, issue_place, expiry_date) VALUES (80, 'D1', '2020-02-10', 'Hà Nội', '2030-02-07');
INSERT INTO driver_license (driver_id, license_type, issue_date, issue_place, expiry_date) VALUES (81, 'C', '2020-07-18', 'Hà Nội', '2030-07-16');
INSERT INTO driver_license (driver_id, license_type, issue_date, issue_place, expiry_date) VALUES (82, 'C', '2018-11-19', 'Hà Nội', '2028-11-16');
INSERT INTO driver_license (driver_id, license_type, issue_date, issue_place, expiry_date) VALUES (83, 'D', '2019-10-01', 'Hà Nội', '2029-09-28');
INSERT INTO driver_license (driver_id, license_type, issue_date, issue_place, expiry_date) VALUES (84, 'D2', '2019-10-27', 'Hà Nội', '2029-10-24');
INSERT INTO driver_license (driver_id, license_type, issue_date, issue_place, expiry_date) VALUES (85, 'B', '2021-05-06', 'Hà Nội', '2031-05-04');
INSERT INTO driver_license (driver_id, license_type, issue_date, issue_place, expiry_date) VALUES (86, 'B', '2022-12-15', 'Hà Nội', '2032-12-12');
INSERT INTO driver_license (driver_id, license_type, issue_date, issue_place, expiry_date) VALUES (87, 'C1', '2018-11-15', 'Hà Nội', '2028-11-12');
INSERT INTO driver_license (driver_id, license_type, issue_date, issue_place, expiry_date) VALUES (88, 'D2', '2022-03-26', 'Hà Nội', '2032-03-23');
INSERT INTO driver_license (driver_id, license_type, issue_date, issue_place, expiry_date) VALUES (89, 'D', '2018-04-12', 'Hà Nội', '2028-04-09');
INSERT INTO driver_license (driver_id, license_type, issue_date, issue_place, expiry_date) VALUES (90, 'C', '2018-06-17', 'Hà Nội', '2028-06-14');
INSERT INTO driver_license (driver_id, license_type, issue_date, issue_place, expiry_date) VALUES (91, 'D', '2020-06-26', 'Hà Nội', '2030-06-24');
INSERT INTO driver_license (driver_id, license_type, issue_date, issue_place, expiry_date) VALUES (92, 'D1', '2020-05-18', 'Hà Nội', '2030-05-16');
INSERT INTO driver_license (driver_id, license_type, issue_date, issue_place, expiry_date) VALUES (93, 'D1', '2021-05-28', 'Hà Nội', '2031-05-26');
INSERT INTO driver_license (driver_id, license_type, issue_date, issue_place, expiry_date) VALUES (94, 'C', '2020-04-28', 'Hà Nội', '2030-04-26');
INSERT INTO driver_license (driver_id, license_type, issue_date, issue_place, expiry_date) VALUES (95, 'D2', '2019-03-18', 'Hà Nội', '2029-03-15');
INSERT INTO driver_license (driver_id, license_type, issue_date, issue_place, expiry_date) VALUES (96, 'C', '2018-08-22', 'Hà Nội', '2028-08-19');
INSERT INTO driver_license (driver_id, license_type, issue_date, issue_place, expiry_date) VALUES (97, 'B', '2020-05-30', 'Hà Nội', '2030-05-28');
INSERT INTO driver_license (driver_id, license_type, issue_date, issue_place, expiry_date) VALUES (98, 'D', '2019-08-04', 'Hà Nội', '2029-08-01');
INSERT INTO driver_license (driver_id, license_type, issue_date, issue_place, expiry_date) VALUES (99, 'D2', '2021-10-21', 'Hà Nội', '2031-10-19');
INSERT INTO driver_license (driver_id, license_type, issue_date, issue_place, expiry_date) VALUES (100, 'D2', '2020-09-23', 'Hà Nội', '2030-09-21');

-- driver_bank_account
INSERT INTO driver_bank_account (driver_id, bank_name, account_number, account_holder) VALUES (1, 'ACB', '1000000001', 'Driver 1');
INSERT INTO driver_bank_account (driver_id, bank_name, account_number, account_holder) VALUES (2, 'Techcombank', '1000000002', 'Driver 2');
INSERT INTO driver_bank_account (driver_id, bank_name, account_number, account_holder) VALUES (3, 'Vietcombank', '1000000003', 'Driver 3');
INSERT INTO driver_bank_account (driver_id, bank_name, account_number, account_holder) VALUES (4, 'BIDV', '1000000004', 'Driver 4');
INSERT INTO driver_bank_account (driver_id, bank_name, account_number, account_holder) VALUES (5, 'Agribank', '1000000005', 'Driver 5');
INSERT INTO driver_bank_account (driver_id, bank_name, account_number, account_holder) VALUES (6, 'MB Bank', '1000000006', 'Driver 6');
INSERT INTO driver_bank_account (driver_id, bank_name, account_number, account_holder) VALUES (7, 'Vietcombank', '1000000007', 'Driver 7');
INSERT INTO driver_bank_account (driver_id, bank_name, account_number, account_holder) VALUES (8, 'Vietcombank', '1000000008', 'Driver 8');
INSERT INTO driver_bank_account (driver_id, bank_name, account_number, account_holder) VALUES (9, 'BIDV', '1000000009', 'Driver 9');
INSERT INTO driver_bank_account (driver_id, bank_name, account_number, account_holder) VALUES (10, 'Techcombank', '1000000010', 'Driver 10');
INSERT INTO driver_bank_account (driver_id, bank_name, account_number, account_holder) VALUES (11, 'BIDV', '1000000011', 'Driver 11');
INSERT INTO driver_bank_account (driver_id, bank_name, account_number, account_holder) VALUES (12, 'BIDV', '1000000012', 'Driver 12');
INSERT INTO driver_bank_account (driver_id, bank_name, account_number, account_holder) VALUES (13, 'Techcombank', '1000000013', 'Driver 13');
INSERT INTO driver_bank_account (driver_id, bank_name, account_number, account_holder) VALUES (14, 'Techcombank', '1000000014', 'Driver 14');
INSERT INTO driver_bank_account (driver_id, bank_name, account_number, account_holder) VALUES (15, 'Techcombank', '1000000015', 'Driver 15');
INSERT INTO driver_bank_account (driver_id, bank_name, account_number, account_holder) VALUES (16, 'Vietcombank', '1000000016', 'Driver 16');
INSERT INTO driver_bank_account (driver_id, bank_name, account_number, account_holder) VALUES (17, 'Vietcombank', '1000000017', 'Driver 17');
INSERT INTO driver_bank_account (driver_id, bank_name, account_number, account_holder) VALUES (18, 'Agribank', '1000000018', 'Driver 18');
INSERT INTO driver_bank_account (driver_id, bank_name, account_number, account_holder) VALUES (19, 'ACB', '1000000019', 'Driver 19');
INSERT INTO driver_bank_account (driver_id, bank_name, account_number, account_holder) VALUES (20, 'Agribank', '1000000020', 'Driver 20');
INSERT INTO driver_bank_account (driver_id, bank_name, account_number, account_holder) VALUES (21, 'BIDV', '1000000021', 'Driver 21');
INSERT INTO driver_bank_account (driver_id, bank_name, account_number, account_holder) VALUES (22, 'BIDV', '1000000022', 'Driver 22');
INSERT INTO driver_bank_account (driver_id, bank_name, account_number, account_holder) VALUES (23, 'Agribank', '1000000023', 'Driver 23');
INSERT INTO driver_bank_account (driver_id, bank_name, account_number, account_holder) VALUES (24, 'MB Bank', '1000000024', 'Driver 24');
INSERT INTO driver_bank_account (driver_id, bank_name, account_number, account_holder) VALUES (25, 'ACB', '1000000025', 'Driver 25');
INSERT INTO driver_bank_account (driver_id, bank_name, account_number, account_holder) VALUES (26, 'BIDV', '1000000026', 'Driver 26');
INSERT INTO driver_bank_account (driver_id, bank_name, account_number, account_holder) VALUES (27, 'MB Bank', '1000000027', 'Driver 27');
INSERT INTO driver_bank_account (driver_id, bank_name, account_number, account_holder) VALUES (28, 'MB Bank', '1000000028', 'Driver 28');
INSERT INTO driver_bank_account (driver_id, bank_name, account_number, account_holder) VALUES (29, 'ACB', '1000000029', 'Driver 29');
INSERT INTO driver_bank_account (driver_id, bank_name, account_number, account_holder) VALUES (30, 'Techcombank', '1000000030', 'Driver 30');
INSERT INTO driver_bank_account (driver_id, bank_name, account_number, account_holder) VALUES (31, 'Vietcombank', '1000000031', 'Driver 31');
INSERT INTO driver_bank_account (driver_id, bank_name, account_number, account_holder) VALUES (32, 'Agribank', '1000000032', 'Driver 32');
INSERT INTO driver_bank_account (driver_id, bank_name, account_number, account_holder) VALUES (33, 'ACB', '1000000033', 'Driver 33');
INSERT INTO driver_bank_account (driver_id, bank_name, account_number, account_holder) VALUES (34, 'Vietcombank', '1000000034', 'Driver 34');
INSERT INTO driver_bank_account (driver_id, bank_name, account_number, account_holder) VALUES (35, 'Agribank', '1000000035', 'Driver 35');
INSERT INTO driver_bank_account (driver_id, bank_name, account_number, account_holder) VALUES (36, 'Vietcombank', '1000000036', 'Driver 36');
INSERT INTO driver_bank_account (driver_id, bank_name, account_number, account_holder) VALUES (37, 'Agribank', '1000000037', 'Driver 37');
INSERT INTO driver_bank_account (driver_id, bank_name, account_number, account_holder) VALUES (38, 'Vietcombank', '1000000038', 'Driver 38');
INSERT INTO driver_bank_account (driver_id, bank_name, account_number, account_holder) VALUES (39, 'Techcombank', '1000000039', 'Driver 39');
INSERT INTO driver_bank_account (driver_id, bank_name, account_number, account_holder) VALUES (40, 'MB Bank', '1000000040', 'Driver 40');
INSERT INTO driver_bank_account (driver_id, bank_name, account_number, account_holder) VALUES (41, 'Agribank', '1000000041', 'Driver 41');
INSERT INTO driver_bank_account (driver_id, bank_name, account_number, account_holder) VALUES (42, 'MB Bank', '1000000042', 'Driver 42');
INSERT INTO driver_bank_account (driver_id, bank_name, account_number, account_holder) VALUES (43, 'Agribank', '1000000043', 'Driver 43');
INSERT INTO driver_bank_account (driver_id, bank_name, account_number, account_holder) VALUES (44, 'ACB', '1000000044', 'Driver 44');
INSERT INTO driver_bank_account (driver_id, bank_name, account_number, account_holder) VALUES (45, 'ACB', '1000000045', 'Driver 45');
INSERT INTO driver_bank_account (driver_id, bank_name, account_number, account_holder) VALUES (46, 'Agribank', '1000000046', 'Driver 46');
INSERT INTO driver_bank_account (driver_id, bank_name, account_number, account_holder) VALUES (47, 'Techcombank', '1000000047', 'Driver 47');
INSERT INTO driver_bank_account (driver_id, bank_name, account_number, account_holder) VALUES (48, 'Vietcombank', '1000000048', 'Driver 48');
INSERT INTO driver_bank_account (driver_id, bank_name, account_number, account_holder) VALUES (49, 'Agribank', '1000000049', 'Driver 49');
INSERT INTO driver_bank_account (driver_id, bank_name, account_number, account_holder) VALUES (50, 'Vietcombank', '1000000050', 'Driver 50');
INSERT INTO driver_bank_account (driver_id, bank_name, account_number, account_holder) VALUES (51, 'Techcombank', '1000000051', 'Driver 51');
INSERT INTO driver_bank_account (driver_id, bank_name, account_number, account_holder) VALUES (52, 'BIDV', '1000000052', 'Driver 52');
INSERT INTO driver_bank_account (driver_id, bank_name, account_number, account_holder) VALUES (53, 'MB Bank', '1000000053', 'Driver 53');
INSERT INTO driver_bank_account (driver_id, bank_name, account_number, account_holder) VALUES (54, 'Agribank', '1000000054', 'Driver 54');
INSERT INTO driver_bank_account (driver_id, bank_name, account_number, account_holder) VALUES (55, 'ACB', '1000000055', 'Driver 55');
INSERT INTO driver_bank_account (driver_id, bank_name, account_number, account_holder) VALUES (56, 'Techcombank', '1000000056', 'Driver 56');
INSERT INTO driver_bank_account (driver_id, bank_name, account_number, account_holder) VALUES (57, 'Vietcombank', '1000000057', 'Driver 57');
INSERT INTO driver_bank_account (driver_id, bank_name, account_number, account_holder) VALUES (58, 'Agribank', '1000000058', 'Driver 58');
INSERT INTO driver_bank_account (driver_id, bank_name, account_number, account_holder) VALUES (59, 'Vietcombank', '1000000059', 'Driver 59');
INSERT INTO driver_bank_account (driver_id, bank_name, account_number, account_holder) VALUES (60, 'BIDV', '1000000060', 'Driver 60');
INSERT INTO driver_bank_account (driver_id, bank_name, account_number, account_holder) VALUES (61, 'Agribank', '1000000061', 'Driver 61');
INSERT INTO driver_bank_account (driver_id, bank_name, account_number, account_holder) VALUES (62, 'MB Bank', '1000000062', 'Driver 62');
INSERT INTO driver_bank_account (driver_id, bank_name, account_number, account_holder) VALUES (63, 'Agribank', '1000000063', 'Driver 63');
INSERT INTO driver_bank_account (driver_id, bank_name, account_number, account_holder) VALUES (64, 'MB Bank', '1000000064', 'Driver 64');
INSERT INTO driver_bank_account (driver_id, bank_name, account_number, account_holder) VALUES (65, 'Vietcombank', '1000000065', 'Driver 65');
INSERT INTO driver_bank_account (driver_id, bank_name, account_number, account_holder) VALUES (66, 'Agribank', '1000000066', 'Driver 66');
INSERT INTO driver_bank_account (driver_id, bank_name, account_number, account_holder) VALUES (67, 'Techcombank', '1000000067', 'Driver 67');
INSERT INTO driver_bank_account (driver_id, bank_name, account_number, account_holder) VALUES (68, 'ACB', '1000000068', 'Driver 68');
INSERT INTO driver_bank_account (driver_id, bank_name, account_number, account_holder) VALUES (69, 'Techcombank', '1000000069', 'Driver 69');
INSERT INTO driver_bank_account (driver_id, bank_name, account_number, account_holder) VALUES (70, 'BIDV', '1000000070', 'Driver 70');
INSERT INTO driver_bank_account (driver_id, bank_name, account_number, account_holder) VALUES (71, 'Techcombank', '1000000071', 'Driver 71');
INSERT INTO driver_bank_account (driver_id, bank_name, account_number, account_holder) VALUES (72, 'BIDV', '1000000072', 'Driver 72');
INSERT INTO driver_bank_account (driver_id, bank_name, account_number, account_holder) VALUES (73, 'Vietcombank', '1000000073', 'Driver 73');
INSERT INTO driver_bank_account (driver_id, bank_name, account_number, account_holder) VALUES (74, 'MB Bank', '1000000074', 'Driver 74');
INSERT INTO driver_bank_account (driver_id, bank_name, account_number, account_holder) VALUES (75, 'ACB', '1000000075', 'Driver 75');
INSERT INTO driver_bank_account (driver_id, bank_name, account_number, account_holder) VALUES (76, 'Vietcombank', '1000000076', 'Driver 76');
INSERT INTO driver_bank_account (driver_id, bank_name, account_number, account_holder) VALUES (77, 'MB Bank', '1000000077', 'Driver 77');
INSERT INTO driver_bank_account (driver_id, bank_name, account_number, account_holder) VALUES (78, 'MB Bank', '1000000078', 'Driver 78');
INSERT INTO driver_bank_account (driver_id, bank_name, account_number, account_holder) VALUES (79, 'BIDV', '1000000079', 'Driver 79');
INSERT INTO driver_bank_account (driver_id, bank_name, account_number, account_holder) VALUES (80, 'Techcombank', '1000000080', 'Driver 80');
INSERT INTO driver_bank_account (driver_id, bank_name, account_number, account_holder) VALUES (81, 'Techcombank', '1000000081', 'Driver 81');
INSERT INTO driver_bank_account (driver_id, bank_name, account_number, account_holder) VALUES (82, 'ACB', '1000000082', 'Driver 82');
INSERT INTO driver_bank_account (driver_id, bank_name, account_number, account_holder) VALUES (83, 'ACB', '1000000083', 'Driver 83');
INSERT INTO driver_bank_account (driver_id, bank_name, account_number, account_holder) VALUES (84, 'BIDV', '1000000084', 'Driver 84');
INSERT INTO driver_bank_account (driver_id, bank_name, account_number, account_holder) VALUES (85, 'BIDV', '1000000085', 'Driver 85');
INSERT INTO driver_bank_account (driver_id, bank_name, account_number, account_holder) VALUES (86, 'Vietcombank', '1000000086', 'Driver 86');
INSERT INTO driver_bank_account (driver_id, bank_name, account_number, account_holder) VALUES (87, 'BIDV', '1000000087', 'Driver 87');
INSERT INTO driver_bank_account (driver_id, bank_name, account_number, account_holder) VALUES (88, 'Techcombank', '1000000088', 'Driver 88');
INSERT INTO driver_bank_account (driver_id, bank_name, account_number, account_holder) VALUES (89, 'BIDV', '1000000089', 'Driver 89');
INSERT INTO driver_bank_account (driver_id, bank_name, account_number, account_holder) VALUES (90, 'BIDV', '1000000090', 'Driver 90');
INSERT INTO driver_bank_account (driver_id, bank_name, account_number, account_holder) VALUES (91, 'MB Bank', '1000000091', 'Driver 91');
INSERT INTO driver_bank_account (driver_id, bank_name, account_number, account_holder) VALUES (92, 'BIDV', '1000000092', 'Driver 92');
INSERT INTO driver_bank_account (driver_id, bank_name, account_number, account_holder) VALUES (93, 'ACB', '1000000093', 'Driver 93');
INSERT INTO driver_bank_account (driver_id, bank_name, account_number, account_holder) VALUES (94, 'Vietcombank', '1000000094', 'Driver 94');
INSERT INTO driver_bank_account (driver_id, bank_name, account_number, account_holder) VALUES (95, 'BIDV', '1000000095', 'Driver 95');
INSERT INTO driver_bank_account (driver_id, bank_name, account_number, account_holder) VALUES (96, 'ACB', '1000000096', 'Driver 96');
INSERT INTO driver_bank_account (driver_id, bank_name, account_number, account_holder) VALUES (97, 'Agribank', '1000000097', 'Driver 97');
INSERT INTO driver_bank_account (driver_id, bank_name, account_number, account_holder) VALUES (98, 'Agribank', '1000000098', 'Driver 98');
INSERT INTO driver_bank_account (driver_id, bank_name, account_number, account_holder) VALUES (99, 'MB Bank', '1000000099', 'Driver 99');
INSERT INTO driver_bank_account (driver_id, bank_name, account_number, account_holder) VALUES (100, 'MB Bank', '1000000100', 'Driver 100');

-- ride_request
INSERT INTO ride_request (customer_id, pickup_address, pickup_lat, pickup_lng, dropoff_address, dropoff_lat, dropoff_lng, vehicle_type, actual_passenger_name, actual_passenger_phone, request_time, status, note_to_driver) VALUES (1, 'Lotte Center Hanoi', 21.0289, 105.812, 'Hanoi Opera House', 21.0245, 105.8558, '7', NULL, NULL, '2026-04-01T02:00:00+00', 'completed', NULL);
INSERT INTO ride_request (customer_id, pickup_address, pickup_lat, pickup_lng, dropoff_address, dropoff_lat, dropoff_lng, vehicle_type, actual_passenger_name, actual_passenger_phone, request_time, status, note_to_driver) VALUES (2, 'Nội Bài Airport', 21.2212, 105.8071, 'Japanese Embassy', 21.027, 105.829, '9', NULL, NULL, '2026-04-01T04:00:00+00', 'completed', NULL);
INSERT INTO ride_request (customer_id, pickup_address, pickup_lat, pickup_lng, dropoff_address, dropoff_lat, dropoff_lng, vehicle_type, actual_passenger_name, actual_passenger_phone, request_time, status, note_to_driver) VALUES (3, 'West Lake', 21.0589, 105.8195, 'Keangnam Landmark', 21.0167, 105.7847, '9', NULL, NULL, '2026-04-01T06:00:00+00', 'completed', NULL);
INSERT INTO ride_request (customer_id, pickup_address, pickup_lat, pickup_lng, dropoff_address, dropoff_lat, dropoff_lng, vehicle_type, actual_passenger_name, actual_passenger_phone, request_time, status, note_to_driver) VALUES (4, 'Hanoi Opera House', 21.0245, 105.8558, 'Times City', 20.9965, 105.8692, '9', NULL, NULL, '2026-04-01T08:00:00+00', 'completed', NULL);
INSERT INTO ride_request (customer_id, pickup_address, pickup_lat, pickup_lng, dropoff_address, dropoff_lat, dropoff_lng, vehicle_type, actual_passenger_name, actual_passenger_phone, request_time, status, note_to_driver) VALUES (5, 'Japanese Embassy', 21.027, 105.829, 'Royal City', 21.0034, 105.8156, '9', 'Passenger 5', '0800000005', '2026-04-01T10:00:00+00', 'completed', NULL);
INSERT INTO ride_request (customer_id, pickup_address, pickup_lat, pickup_lng, dropoff_address, dropoff_lat, dropoff_lng, vehicle_type, actual_passenger_name, actual_passenger_phone, request_time, status, note_to_driver) VALUES (6, 'Keangnam Landmark', 21.0167, 105.7847, 'Cầu Giấy District', 21.0368, 105.7895, '9', NULL, NULL, '2026-04-01T12:00:00+00', 'completed', NULL);
INSERT INTO ride_request (customer_id, pickup_address, pickup_lat, pickup_lng, dropoff_address, dropoff_lat, dropoff_lng, vehicle_type, actual_passenger_name, actual_passenger_phone, request_time, status, note_to_driver) VALUES (7, 'Times City', 20.9965, 105.8692, 'Hồ Gươm, Hoàn Kiếm', 21.028511, 105.852, '7', NULL, NULL, '2026-04-01T14:00:00+00', 'completed', 'よろしくお願いします');
INSERT INTO ride_request (customer_id, pickup_address, pickup_lat, pickup_lng, dropoff_address, dropoff_lat, dropoff_lng, vehicle_type, actual_passenger_name, actual_passenger_phone, request_time, status, note_to_driver) VALUES (8, 'Royal City', 21.0034, 105.8156, 'Lotte Center Hanoi', 21.0289, 105.812, '9', NULL, NULL, '2026-04-01T16:00:00+00', 'completed', NULL);
INSERT INTO ride_request (customer_id, pickup_address, pickup_lat, pickup_lng, dropoff_address, dropoff_lat, dropoff_lng, vehicle_type, actual_passenger_name, actual_passenger_phone, request_time, status, note_to_driver) VALUES (9, 'Cầu Giấy District', 21.0368, 105.7895, 'Nội Bài Airport', 21.2212, 105.8071, '7', NULL, NULL, '2026-04-01T18:00:00+00', 'completed', NULL);
INSERT INTO ride_request (customer_id, pickup_address, pickup_lat, pickup_lng, dropoff_address, dropoff_lat, dropoff_lng, vehicle_type, actual_passenger_name, actual_passenger_phone, request_time, status, note_to_driver) VALUES (10, 'Hồ Gươm, Hoàn Kiếm', 21.028511, 105.852, 'West Lake', 21.0589, 105.8195, '4', 'Passenger 10', '0800000010', '2026-04-01T20:00:00+00', 'completed', NULL);
INSERT INTO ride_request (customer_id, pickup_address, pickup_lat, pickup_lng, dropoff_address, dropoff_lat, dropoff_lng, vehicle_type, actual_passenger_name, actual_passenger_phone, request_time, status, note_to_driver) VALUES (11, 'Lotte Center Hanoi', 21.0289, 105.812, 'Hanoi Opera House', 21.0245, 105.8558, '7', NULL, NULL, '2026-04-01T22:00:00+00', 'completed', NULL);
INSERT INTO ride_request (customer_id, pickup_address, pickup_lat, pickup_lng, dropoff_address, dropoff_lat, dropoff_lng, vehicle_type, actual_passenger_name, actual_passenger_phone, request_time, status, note_to_driver) VALUES (12, 'Nội Bài Airport', 21.2212, 105.8071, 'Japanese Embassy', 21.027, 105.829, '4', NULL, NULL, '2026-04-02T00:00:00+00', 'completed', NULL);
INSERT INTO ride_request (customer_id, pickup_address, pickup_lat, pickup_lng, dropoff_address, dropoff_lat, dropoff_lng, vehicle_type, actual_passenger_name, actual_passenger_phone, request_time, status, note_to_driver) VALUES (13, 'West Lake', 21.0589, 105.8195, 'Keangnam Landmark', 21.0167, 105.7847, '7', NULL, NULL, '2026-04-02T02:00:00+00', 'completed', NULL);
INSERT INTO ride_request (customer_id, pickup_address, pickup_lat, pickup_lng, dropoff_address, dropoff_lat, dropoff_lng, vehicle_type, actual_passenger_name, actual_passenger_phone, request_time, status, note_to_driver) VALUES (14, 'Hanoi Opera House', 21.0245, 105.8558, 'Times City', 20.9965, 105.8692, '7', NULL, NULL, '2026-04-02T04:00:00+00', 'completed', 'よろしくお願いします');
INSERT INTO ride_request (customer_id, pickup_address, pickup_lat, pickup_lng, dropoff_address, dropoff_lat, dropoff_lng, vehicle_type, actual_passenger_name, actual_passenger_phone, request_time, status, note_to_driver) VALUES (15, 'Japanese Embassy', 21.027, 105.829, 'Royal City', 21.0034, 105.8156, '9', 'Passenger 15', '0800000015', '2026-04-02T06:00:00+00', 'completed', NULL);
INSERT INTO ride_request (customer_id, pickup_address, pickup_lat, pickup_lng, dropoff_address, dropoff_lat, dropoff_lng, vehicle_type, actual_passenger_name, actual_passenger_phone, request_time, status, note_to_driver) VALUES (16, 'Keangnam Landmark', 21.0167, 105.7847, 'Cầu Giấy District', 21.0368, 105.7895, '7', NULL, NULL, '2026-04-02T08:00:00+00', 'completed', NULL);
INSERT INTO ride_request (customer_id, pickup_address, pickup_lat, pickup_lng, dropoff_address, dropoff_lat, dropoff_lng, vehicle_type, actual_passenger_name, actual_passenger_phone, request_time, status, note_to_driver) VALUES (17, 'Times City', 20.9965, 105.8692, 'Hồ Gươm, Hoàn Kiếm', 21.028511, 105.852, '7', NULL, NULL, '2026-04-02T10:00:00+00', 'completed', NULL);
INSERT INTO ride_request (customer_id, pickup_address, pickup_lat, pickup_lng, dropoff_address, dropoff_lat, dropoff_lng, vehicle_type, actual_passenger_name, actual_passenger_phone, request_time, status, note_to_driver) VALUES (18, 'Royal City', 21.0034, 105.8156, 'Lotte Center Hanoi', 21.0289, 105.812, '9', NULL, NULL, '2026-04-02T12:00:00+00', 'completed', NULL);
INSERT INTO ride_request (customer_id, pickup_address, pickup_lat, pickup_lng, dropoff_address, dropoff_lat, dropoff_lng, vehicle_type, actual_passenger_name, actual_passenger_phone, request_time, status, note_to_driver) VALUES (19, 'Cầu Giấy District', 21.0368, 105.7895, 'Nội Bài Airport', 21.2212, 105.8071, '4', NULL, NULL, '2026-04-02T14:00:00+00', 'completed', NULL);
INSERT INTO ride_request (customer_id, pickup_address, pickup_lat, pickup_lng, dropoff_address, dropoff_lat, dropoff_lng, vehicle_type, actual_passenger_name, actual_passenger_phone, request_time, status, note_to_driver) VALUES (20, 'Hồ Gươm, Hoàn Kiếm', 21.028511, 105.852, 'West Lake', 21.0589, 105.8195, '7', 'Passenger 20', '0800000020', '2026-04-02T16:00:00+00', 'completed', NULL);
INSERT INTO ride_request (customer_id, pickup_address, pickup_lat, pickup_lng, dropoff_address, dropoff_lat, dropoff_lng, vehicle_type, actual_passenger_name, actual_passenger_phone, request_time, status, note_to_driver) VALUES (21, 'Lotte Center Hanoi', 21.0289, 105.812, 'Hanoi Opera House', 21.0245, 105.8558, '9', NULL, NULL, '2026-04-02T18:00:00+00', 'completed', 'よろしくお願いします');
INSERT INTO ride_request (customer_id, pickup_address, pickup_lat, pickup_lng, dropoff_address, dropoff_lat, dropoff_lng, vehicle_type, actual_passenger_name, actual_passenger_phone, request_time, status, note_to_driver) VALUES (22, 'Nội Bài Airport', 21.2212, 105.8071, 'Japanese Embassy', 21.027, 105.829, '4', NULL, NULL, '2026-04-02T20:00:00+00', 'completed', NULL);
INSERT INTO ride_request (customer_id, pickup_address, pickup_lat, pickup_lng, dropoff_address, dropoff_lat, dropoff_lng, vehicle_type, actual_passenger_name, actual_passenger_phone, request_time, status, note_to_driver) VALUES (23, 'West Lake', 21.0589, 105.8195, 'Keangnam Landmark', 21.0167, 105.7847, '7', NULL, NULL, '2026-04-02T22:00:00+00', 'completed', NULL);
INSERT INTO ride_request (customer_id, pickup_address, pickup_lat, pickup_lng, dropoff_address, dropoff_lat, dropoff_lng, vehicle_type, actual_passenger_name, actual_passenger_phone, request_time, status, note_to_driver) VALUES (24, 'Hanoi Opera House', 21.0245, 105.8558, 'Times City', 20.9965, 105.8692, '7', NULL, NULL, '2026-04-03T00:00:00+00', 'completed', NULL);
INSERT INTO ride_request (customer_id, pickup_address, pickup_lat, pickup_lng, dropoff_address, dropoff_lat, dropoff_lng, vehicle_type, actual_passenger_name, actual_passenger_phone, request_time, status, note_to_driver) VALUES (25, 'Japanese Embassy', 21.027, 105.829, 'Royal City', 21.0034, 105.8156, '7', 'Passenger 25', '0800000025', '2026-04-03T02:00:00+00', 'completed', NULL);
INSERT INTO ride_request (customer_id, pickup_address, pickup_lat, pickup_lng, dropoff_address, dropoff_lat, dropoff_lng, vehicle_type, actual_passenger_name, actual_passenger_phone, request_time, status, note_to_driver) VALUES (26, 'Keangnam Landmark', 21.0167, 105.7847, 'Cầu Giấy District', 21.0368, 105.7895, '4', NULL, NULL, '2026-04-03T04:00:00+00', 'completed', NULL);
INSERT INTO ride_request (customer_id, pickup_address, pickup_lat, pickup_lng, dropoff_address, dropoff_lat, dropoff_lng, vehicle_type, actual_passenger_name, actual_passenger_phone, request_time, status, note_to_driver) VALUES (27, 'Times City', 20.9965, 105.8692, 'Hồ Gươm, Hoàn Kiếm', 21.028511, 105.852, '4', NULL, NULL, '2026-04-03T06:00:00+00', 'completed', NULL);
INSERT INTO ride_request (customer_id, pickup_address, pickup_lat, pickup_lng, dropoff_address, dropoff_lat, dropoff_lng, vehicle_type, actual_passenger_name, actual_passenger_phone, request_time, status, note_to_driver) VALUES (28, 'Royal City', 21.0034, 105.8156, 'Lotte Center Hanoi', 21.0289, 105.812, '7', NULL, NULL, '2026-04-03T08:00:00+00', 'completed', 'よろしくお願いします');
INSERT INTO ride_request (customer_id, pickup_address, pickup_lat, pickup_lng, dropoff_address, dropoff_lat, dropoff_lng, vehicle_type, actual_passenger_name, actual_passenger_phone, request_time, status, note_to_driver) VALUES (29, 'Cầu Giấy District', 21.0368, 105.7895, 'Nội Bài Airport', 21.2212, 105.8071, '7', NULL, NULL, '2026-04-03T10:00:00+00', 'completed', NULL);
INSERT INTO ride_request (customer_id, pickup_address, pickup_lat, pickup_lng, dropoff_address, dropoff_lat, dropoff_lng, vehicle_type, actual_passenger_name, actual_passenger_phone, request_time, status, note_to_driver) VALUES (30, 'Hồ Gươm, Hoàn Kiếm', 21.028511, 105.852, 'West Lake', 21.0589, 105.8195, '4', 'Passenger 30', '0800000030', '2026-04-03T12:00:00+00', 'completed', NULL);
INSERT INTO ride_request (customer_id, pickup_address, pickup_lat, pickup_lng, dropoff_address, dropoff_lat, dropoff_lng, vehicle_type, actual_passenger_name, actual_passenger_phone, request_time, status, note_to_driver) VALUES (31, 'Lotte Center Hanoi', 21.0289, 105.812, 'Hanoi Opera House', 21.0245, 105.8558, '9', NULL, NULL, '2026-04-03T14:00:00+00', 'completed', NULL);
INSERT INTO ride_request (customer_id, pickup_address, pickup_lat, pickup_lng, dropoff_address, dropoff_lat, dropoff_lng, vehicle_type, actual_passenger_name, actual_passenger_phone, request_time, status, note_to_driver) VALUES (32, 'Nội Bài Airport', 21.2212, 105.8071, 'Japanese Embassy', 21.027, 105.829, '4', NULL, NULL, '2026-04-03T16:00:00+00', 'completed', NULL);
INSERT INTO ride_request (customer_id, pickup_address, pickup_lat, pickup_lng, dropoff_address, dropoff_lat, dropoff_lng, vehicle_type, actual_passenger_name, actual_passenger_phone, request_time, status, note_to_driver) VALUES (33, 'West Lake', 21.0589, 105.8195, 'Keangnam Landmark', 21.0167, 105.7847, '9', NULL, NULL, '2026-04-03T18:00:00+00', 'completed', NULL);
INSERT INTO ride_request (customer_id, pickup_address, pickup_lat, pickup_lng, dropoff_address, dropoff_lat, dropoff_lng, vehicle_type, actual_passenger_name, actual_passenger_phone, request_time, status, note_to_driver) VALUES (34, 'Hanoi Opera House', 21.0245, 105.8558, 'Times City', 20.9965, 105.8692, '9', NULL, NULL, '2026-04-03T20:00:00+00', 'completed', NULL);
INSERT INTO ride_request (customer_id, pickup_address, pickup_lat, pickup_lng, dropoff_address, dropoff_lat, dropoff_lng, vehicle_type, actual_passenger_name, actual_passenger_phone, request_time, status, note_to_driver) VALUES (35, 'Japanese Embassy', 21.027, 105.829, 'Royal City', 21.0034, 105.8156, '9', 'Passenger 35', '0800000035', '2026-04-03T22:00:00+00', 'completed', 'よろしくお願いします');
INSERT INTO ride_request (customer_id, pickup_address, pickup_lat, pickup_lng, dropoff_address, dropoff_lat, dropoff_lng, vehicle_type, actual_passenger_name, actual_passenger_phone, request_time, status, note_to_driver) VALUES (36, 'Keangnam Landmark', 21.0167, 105.7847, 'Cầu Giấy District', 21.0368, 105.7895, '7', NULL, NULL, '2026-04-04T00:00:00+00', 'completed', NULL);
INSERT INTO ride_request (customer_id, pickup_address, pickup_lat, pickup_lng, dropoff_address, dropoff_lat, dropoff_lng, vehicle_type, actual_passenger_name, actual_passenger_phone, request_time, status, note_to_driver) VALUES (37, 'Times City', 20.9965, 105.8692, 'Hồ Gươm, Hoàn Kiếm', 21.028511, 105.852, '7', NULL, NULL, '2026-04-04T02:00:00+00', 'completed', NULL);
INSERT INTO ride_request (customer_id, pickup_address, pickup_lat, pickup_lng, dropoff_address, dropoff_lat, dropoff_lng, vehicle_type, actual_passenger_name, actual_passenger_phone, request_time, status, note_to_driver) VALUES (38, 'Royal City', 21.0034, 105.8156, 'Lotte Center Hanoi', 21.0289, 105.812, '9', NULL, NULL, '2026-04-04T04:00:00+00', 'completed', NULL);
INSERT INTO ride_request (customer_id, pickup_address, pickup_lat, pickup_lng, dropoff_address, dropoff_lat, dropoff_lng, vehicle_type, actual_passenger_name, actual_passenger_phone, request_time, status, note_to_driver) VALUES (39, 'Cầu Giấy District', 21.0368, 105.7895, 'Nội Bài Airport', 21.2212, 105.8071, '9', NULL, NULL, '2026-04-04T06:00:00+00', 'completed', NULL);
INSERT INTO ride_request (customer_id, pickup_address, pickup_lat, pickup_lng, dropoff_address, dropoff_lat, dropoff_lng, vehicle_type, actual_passenger_name, actual_passenger_phone, request_time, status, note_to_driver) VALUES (40, 'Hồ Gươm, Hoàn Kiếm', 21.028511, 105.852, 'West Lake', 21.0589, 105.8195, '9', 'Passenger 40', '0800000040', '2026-04-04T08:00:00+00', 'completed', NULL);
INSERT INTO ride_request (customer_id, pickup_address, pickup_lat, pickup_lng, dropoff_address, dropoff_lat, dropoff_lng, vehicle_type, actual_passenger_name, actual_passenger_phone, request_time, status, note_to_driver) VALUES (41, 'Lotte Center Hanoi', 21.0289, 105.812, 'Hanoi Opera House', 21.0245, 105.8558, '4', NULL, NULL, '2026-04-04T10:00:00+00', 'completed', NULL);
INSERT INTO ride_request (customer_id, pickup_address, pickup_lat, pickup_lng, dropoff_address, dropoff_lat, dropoff_lng, vehicle_type, actual_passenger_name, actual_passenger_phone, request_time, status, note_to_driver) VALUES (42, 'Nội Bài Airport', 21.2212, 105.8071, 'Japanese Embassy', 21.027, 105.829, '7', NULL, NULL, '2026-04-04T12:00:00+00', 'completed', 'よろしくお願いします');
INSERT INTO ride_request (customer_id, pickup_address, pickup_lat, pickup_lng, dropoff_address, dropoff_lat, dropoff_lng, vehicle_type, actual_passenger_name, actual_passenger_phone, request_time, status, note_to_driver) VALUES (43, 'West Lake', 21.0589, 105.8195, 'Keangnam Landmark', 21.0167, 105.7847, '9', NULL, NULL, '2026-04-04T14:00:00+00', 'completed', NULL);
INSERT INTO ride_request (customer_id, pickup_address, pickup_lat, pickup_lng, dropoff_address, dropoff_lat, dropoff_lng, vehicle_type, actual_passenger_name, actual_passenger_phone, request_time, status, note_to_driver) VALUES (44, 'Hanoi Opera House', 21.0245, 105.8558, 'Times City', 20.9965, 105.8692, '9', NULL, NULL, '2026-04-04T16:00:00+00', 'completed', NULL);
INSERT INTO ride_request (customer_id, pickup_address, pickup_lat, pickup_lng, dropoff_address, dropoff_lat, dropoff_lng, vehicle_type, actual_passenger_name, actual_passenger_phone, request_time, status, note_to_driver) VALUES (45, 'Japanese Embassy', 21.027, 105.829, 'Royal City', 21.0034, 105.8156, '4', 'Passenger 45', '0800000045', '2026-04-04T18:00:00+00', 'completed', NULL);
INSERT INTO ride_request (customer_id, pickup_address, pickup_lat, pickup_lng, dropoff_address, dropoff_lat, dropoff_lng, vehicle_type, actual_passenger_name, actual_passenger_phone, request_time, status, note_to_driver) VALUES (46, 'Keangnam Landmark', 21.0167, 105.7847, 'Cầu Giấy District', 21.0368, 105.7895, '7', NULL, NULL, '2026-04-04T20:00:00+00', 'completed', NULL);
INSERT INTO ride_request (customer_id, pickup_address, pickup_lat, pickup_lng, dropoff_address, dropoff_lat, dropoff_lng, vehicle_type, actual_passenger_name, actual_passenger_phone, request_time, status, note_to_driver) VALUES (47, 'Times City', 20.9965, 105.8692, 'Hồ Gươm, Hoàn Kiếm', 21.028511, 105.852, '9', NULL, NULL, '2026-04-04T22:00:00+00', 'completed', NULL);
INSERT INTO ride_request (customer_id, pickup_address, pickup_lat, pickup_lng, dropoff_address, dropoff_lat, dropoff_lng, vehicle_type, actual_passenger_name, actual_passenger_phone, request_time, status, note_to_driver) VALUES (48, 'Royal City', 21.0034, 105.8156, 'Lotte Center Hanoi', 21.0289, 105.812, '7', NULL, NULL, '2026-04-05T00:00:00+00', 'completed', NULL);
INSERT INTO ride_request (customer_id, pickup_address, pickup_lat, pickup_lng, dropoff_address, dropoff_lat, dropoff_lng, vehicle_type, actual_passenger_name, actual_passenger_phone, request_time, status, note_to_driver) VALUES (49, 'Cầu Giấy District', 21.0368, 105.7895, 'Nội Bài Airport', 21.2212, 105.8071, '9', NULL, NULL, '2026-04-05T02:00:00+00', 'completed', 'よろしくお願いします');
INSERT INTO ride_request (customer_id, pickup_address, pickup_lat, pickup_lng, dropoff_address, dropoff_lat, dropoff_lng, vehicle_type, actual_passenger_name, actual_passenger_phone, request_time, status, note_to_driver) VALUES (50, 'Hồ Gươm, Hoàn Kiếm', 21.028511, 105.852, 'West Lake', 21.0589, 105.8195, '4', 'Passenger 50', '0800000050', '2026-04-05T04:00:00+00', 'completed', NULL);
INSERT INTO ride_request (customer_id, pickup_address, pickup_lat, pickup_lng, dropoff_address, dropoff_lat, dropoff_lng, vehicle_type, actual_passenger_name, actual_passenger_phone, request_time, status, note_to_driver) VALUES (51, 'Lotte Center Hanoi', 21.0289, 105.812, 'Hanoi Opera House', 21.0245, 105.8558, '4', NULL, NULL, '2026-04-05T06:00:00+00', 'completed', NULL);
INSERT INTO ride_request (customer_id, pickup_address, pickup_lat, pickup_lng, dropoff_address, dropoff_lat, dropoff_lng, vehicle_type, actual_passenger_name, actual_passenger_phone, request_time, status, note_to_driver) VALUES (52, 'Nội Bài Airport', 21.2212, 105.8071, 'Japanese Embassy', 21.027, 105.829, '7', NULL, NULL, '2026-04-05T08:00:00+00', 'completed', NULL);
INSERT INTO ride_request (customer_id, pickup_address, pickup_lat, pickup_lng, dropoff_address, dropoff_lat, dropoff_lng, vehicle_type, actual_passenger_name, actual_passenger_phone, request_time, status, note_to_driver) VALUES (53, 'West Lake', 21.0589, 105.8195, 'Keangnam Landmark', 21.0167, 105.7847, '4', NULL, NULL, '2026-04-05T10:00:00+00', 'completed', NULL);
INSERT INTO ride_request (customer_id, pickup_address, pickup_lat, pickup_lng, dropoff_address, dropoff_lat, dropoff_lng, vehicle_type, actual_passenger_name, actual_passenger_phone, request_time, status, note_to_driver) VALUES (54, 'Hanoi Opera House', 21.0245, 105.8558, 'Times City', 20.9965, 105.8692, '7', NULL, NULL, '2026-04-05T12:00:00+00', 'completed', NULL);
INSERT INTO ride_request (customer_id, pickup_address, pickup_lat, pickup_lng, dropoff_address, dropoff_lat, dropoff_lng, vehicle_type, actual_passenger_name, actual_passenger_phone, request_time, status, note_to_driver) VALUES (55, 'Japanese Embassy', 21.027, 105.829, 'Royal City', 21.0034, 105.8156, '9', 'Passenger 55', '0800000055', '2026-04-05T14:00:00+00', 'completed', NULL);
INSERT INTO ride_request (customer_id, pickup_address, pickup_lat, pickup_lng, dropoff_address, dropoff_lat, dropoff_lng, vehicle_type, actual_passenger_name, actual_passenger_phone, request_time, status, note_to_driver) VALUES (56, 'Keangnam Landmark', 21.0167, 105.7847, 'Cầu Giấy District', 21.0368, 105.7895, '4', NULL, NULL, '2026-04-05T16:00:00+00', 'completed', 'よろしくお願いします');
INSERT INTO ride_request (customer_id, pickup_address, pickup_lat, pickup_lng, dropoff_address, dropoff_lat, dropoff_lng, vehicle_type, actual_passenger_name, actual_passenger_phone, request_time, status, note_to_driver) VALUES (57, 'Times City', 20.9965, 105.8692, 'Hồ Gươm, Hoàn Kiếm', 21.028511, 105.852, '9', NULL, NULL, '2026-04-05T18:00:00+00', 'completed', NULL);
INSERT INTO ride_request (customer_id, pickup_address, pickup_lat, pickup_lng, dropoff_address, dropoff_lat, dropoff_lng, vehicle_type, actual_passenger_name, actual_passenger_phone, request_time, status, note_to_driver) VALUES (58, 'Royal City', 21.0034, 105.8156, 'Lotte Center Hanoi', 21.0289, 105.812, '9', NULL, NULL, '2026-04-05T20:00:00+00', 'completed', NULL);
INSERT INTO ride_request (customer_id, pickup_address, pickup_lat, pickup_lng, dropoff_address, dropoff_lat, dropoff_lng, vehicle_type, actual_passenger_name, actual_passenger_phone, request_time, status, note_to_driver) VALUES (59, 'Cầu Giấy District', 21.0368, 105.7895, 'Nội Bài Airport', 21.2212, 105.8071, '4', NULL, NULL, '2026-04-05T22:00:00+00', 'completed', NULL);
INSERT INTO ride_request (customer_id, pickup_address, pickup_lat, pickup_lng, dropoff_address, dropoff_lat, dropoff_lng, vehicle_type, actual_passenger_name, actual_passenger_phone, request_time, status, note_to_driver) VALUES (60, 'Hồ Gươm, Hoàn Kiếm', 21.028511, 105.852, 'West Lake', 21.0589, 105.8195, '4', 'Passenger 60', '0800000060', '2026-04-06T00:00:00+00', 'completed', NULL);
INSERT INTO ride_request (customer_id, pickup_address, pickup_lat, pickup_lng, dropoff_address, dropoff_lat, dropoff_lng, vehicle_type, actual_passenger_name, actual_passenger_phone, request_time, status, note_to_driver) VALUES (61, 'Lotte Center Hanoi', 21.0289, 105.812, 'Hanoi Opera House', 21.0245, 105.8558, '4', NULL, NULL, '2026-04-06T02:00:00+00', 'assigned', NULL);
INSERT INTO ride_request (customer_id, pickup_address, pickup_lat, pickup_lng, dropoff_address, dropoff_lat, dropoff_lng, vehicle_type, actual_passenger_name, actual_passenger_phone, request_time, status, note_to_driver) VALUES (62, 'Nội Bài Airport', 21.2212, 105.8071, 'Japanese Embassy', 21.027, 105.829, '9', NULL, NULL, '2026-04-06T04:00:00+00', 'assigned', NULL);
INSERT INTO ride_request (customer_id, pickup_address, pickup_lat, pickup_lng, dropoff_address, dropoff_lat, dropoff_lng, vehicle_type, actual_passenger_name, actual_passenger_phone, request_time, status, note_to_driver) VALUES (63, 'West Lake', 21.0589, 105.8195, 'Keangnam Landmark', 21.0167, 105.7847, '7', NULL, NULL, '2026-04-06T06:00:00+00', 'assigned', 'よろしくお願いします');
INSERT INTO ride_request (customer_id, pickup_address, pickup_lat, pickup_lng, dropoff_address, dropoff_lat, dropoff_lng, vehicle_type, actual_passenger_name, actual_passenger_phone, request_time, status, note_to_driver) VALUES (64, 'Hanoi Opera House', 21.0245, 105.8558, 'Times City', 20.9965, 105.8692, '7', NULL, NULL, '2026-04-06T08:00:00+00', 'assigned', NULL);
INSERT INTO ride_request (customer_id, pickup_address, pickup_lat, pickup_lng, dropoff_address, dropoff_lat, dropoff_lng, vehicle_type, actual_passenger_name, actual_passenger_phone, request_time, status, note_to_driver) VALUES (65, 'Japanese Embassy', 21.027, 105.829, 'Royal City', 21.0034, 105.8156, '9', 'Passenger 65', '0800000065', '2026-04-06T10:00:00+00', 'assigned', NULL);
INSERT INTO ride_request (customer_id, pickup_address, pickup_lat, pickup_lng, dropoff_address, dropoff_lat, dropoff_lng, vehicle_type, actual_passenger_name, actual_passenger_phone, request_time, status, note_to_driver) VALUES (66, 'Keangnam Landmark', 21.0167, 105.7847, 'Cầu Giấy District', 21.0368, 105.7895, '9', NULL, NULL, '2026-04-06T12:00:00+00', 'assigned', NULL);
INSERT INTO ride_request (customer_id, pickup_address, pickup_lat, pickup_lng, dropoff_address, dropoff_lat, dropoff_lng, vehicle_type, actual_passenger_name, actual_passenger_phone, request_time, status, note_to_driver) VALUES (67, 'Times City', 20.9965, 105.8692, 'Hồ Gươm, Hoàn Kiếm', 21.028511, 105.852, '9', NULL, NULL, '2026-04-06T14:00:00+00', 'assigned', NULL);
INSERT INTO ride_request (customer_id, pickup_address, pickup_lat, pickup_lng, dropoff_address, dropoff_lat, dropoff_lng, vehicle_type, actual_passenger_name, actual_passenger_phone, request_time, status, note_to_driver) VALUES (68, 'Royal City', 21.0034, 105.8156, 'Lotte Center Hanoi', 21.0289, 105.812, '4', NULL, NULL, '2026-04-06T16:00:00+00', 'assigned', NULL);
INSERT INTO ride_request (customer_id, pickup_address, pickup_lat, pickup_lng, dropoff_address, dropoff_lat, dropoff_lng, vehicle_type, actual_passenger_name, actual_passenger_phone, request_time, status, note_to_driver) VALUES (69, 'Cầu Giấy District', 21.0368, 105.7895, 'Nội Bài Airport', 21.2212, 105.8071, '7', NULL, NULL, '2026-04-06T18:00:00+00', 'assigned', NULL);
INSERT INTO ride_request (customer_id, pickup_address, pickup_lat, pickup_lng, dropoff_address, dropoff_lat, dropoff_lng, vehicle_type, actual_passenger_name, actual_passenger_phone, request_time, status, note_to_driver) VALUES (70, 'Hồ Gươm, Hoàn Kiếm', 21.028511, 105.852, 'West Lake', 21.0589, 105.8195, '7', 'Passenger 70', '0800000070', '2026-04-06T20:00:00+00', 'assigned', 'よろしくお願いします');
INSERT INTO ride_request (customer_id, pickup_address, pickup_lat, pickup_lng, dropoff_address, dropoff_lat, dropoff_lng, vehicle_type, actual_passenger_name, actual_passenger_phone, request_time, status, note_to_driver) VALUES (71, 'Lotte Center Hanoi', 21.0289, 105.812, 'Hanoi Opera House', 21.0245, 105.8558, '7', NULL, NULL, '2026-04-06T22:00:00+00', 'assigned', NULL);
INSERT INTO ride_request (customer_id, pickup_address, pickup_lat, pickup_lng, dropoff_address, dropoff_lat, dropoff_lng, vehicle_type, actual_passenger_name, actual_passenger_phone, request_time, status, note_to_driver) VALUES (72, 'Nội Bài Airport', 21.2212, 105.8071, 'Japanese Embassy', 21.027, 105.829, '7', NULL, NULL, '2026-04-07T00:00:00+00', 'assigned', NULL);
INSERT INTO ride_request (customer_id, pickup_address, pickup_lat, pickup_lng, dropoff_address, dropoff_lat, dropoff_lng, vehicle_type, actual_passenger_name, actual_passenger_phone, request_time, status, note_to_driver) VALUES (73, 'West Lake', 21.0589, 105.8195, 'Keangnam Landmark', 21.0167, 105.7847, '7', NULL, NULL, '2026-04-07T02:00:00+00', 'assigned', NULL);
INSERT INTO ride_request (customer_id, pickup_address, pickup_lat, pickup_lng, dropoff_address, dropoff_lat, dropoff_lng, vehicle_type, actual_passenger_name, actual_passenger_phone, request_time, status, note_to_driver) VALUES (74, 'Hanoi Opera House', 21.0245, 105.8558, 'Times City', 20.9965, 105.8692, '7', NULL, NULL, '2026-04-07T04:00:00+00', 'assigned', NULL);
INSERT INTO ride_request (customer_id, pickup_address, pickup_lat, pickup_lng, dropoff_address, dropoff_lat, dropoff_lng, vehicle_type, actual_passenger_name, actual_passenger_phone, request_time, status, note_to_driver) VALUES (75, 'Japanese Embassy', 21.027, 105.829, 'Royal City', 21.0034, 105.8156, '9', 'Passenger 75', '0800000075', '2026-04-07T06:00:00+00', 'assigned', NULL);
INSERT INTO ride_request (customer_id, pickup_address, pickup_lat, pickup_lng, dropoff_address, dropoff_lat, dropoff_lng, vehicle_type, actual_passenger_name, actual_passenger_phone, request_time, status, note_to_driver) VALUES (76, 'Keangnam Landmark', 21.0167, 105.7847, 'Cầu Giấy District', 21.0368, 105.7895, '9', NULL, NULL, '2026-04-07T08:00:00+00', 'searching', NULL);
INSERT INTO ride_request (customer_id, pickup_address, pickup_lat, pickup_lng, dropoff_address, dropoff_lat, dropoff_lng, vehicle_type, actual_passenger_name, actual_passenger_phone, request_time, status, note_to_driver) VALUES (77, 'Times City', 20.9965, 105.8692, 'Hồ Gươm, Hoàn Kiếm', 21.028511, 105.852, '4', NULL, NULL, '2026-04-07T10:00:00+00', 'searching', 'よろしくお願いします');
INSERT INTO ride_request (customer_id, pickup_address, pickup_lat, pickup_lng, dropoff_address, dropoff_lat, dropoff_lng, vehicle_type, actual_passenger_name, actual_passenger_phone, request_time, status, note_to_driver) VALUES (78, 'Royal City', 21.0034, 105.8156, 'Lotte Center Hanoi', 21.0289, 105.812, '9', NULL, NULL, '2026-04-07T12:00:00+00', 'searching', NULL);
INSERT INTO ride_request (customer_id, pickup_address, pickup_lat, pickup_lng, dropoff_address, dropoff_lat, dropoff_lng, vehicle_type, actual_passenger_name, actual_passenger_phone, request_time, status, note_to_driver) VALUES (79, 'Cầu Giấy District', 21.0368, 105.7895, 'Nội Bài Airport', 21.2212, 105.8071, '9', NULL, NULL, '2026-04-07T14:00:00+00', 'searching', NULL);
INSERT INTO ride_request (customer_id, pickup_address, pickup_lat, pickup_lng, dropoff_address, dropoff_lat, dropoff_lng, vehicle_type, actual_passenger_name, actual_passenger_phone, request_time, status, note_to_driver) VALUES (80, 'Hồ Gươm, Hoàn Kiếm', 21.028511, 105.852, 'West Lake', 21.0589, 105.8195, '7', 'Passenger 80', '0800000080', '2026-04-07T16:00:00+00', 'searching', NULL);
INSERT INTO ride_request (customer_id, pickup_address, pickup_lat, pickup_lng, dropoff_address, dropoff_lat, dropoff_lng, vehicle_type, actual_passenger_name, actual_passenger_phone, request_time, status, note_to_driver) VALUES (81, 'Lotte Center Hanoi', 21.0289, 105.812, 'Hanoi Opera House', 21.0245, 105.8558, '4', NULL, NULL, '2026-04-07T18:00:00+00', 'searching', NULL);
INSERT INTO ride_request (customer_id, pickup_address, pickup_lat, pickup_lng, dropoff_address, dropoff_lat, dropoff_lng, vehicle_type, actual_passenger_name, actual_passenger_phone, request_time, status, note_to_driver) VALUES (82, 'Nội Bài Airport', 21.2212, 105.8071, 'Japanese Embassy', 21.027, 105.829, '7', NULL, NULL, '2026-04-07T20:00:00+00', 'searching', NULL);
INSERT INTO ride_request (customer_id, pickup_address, pickup_lat, pickup_lng, dropoff_address, dropoff_lat, dropoff_lng, vehicle_type, actual_passenger_name, actual_passenger_phone, request_time, status, note_to_driver) VALUES (83, 'West Lake', 21.0589, 105.8195, 'Keangnam Landmark', 21.0167, 105.7847, '4', NULL, NULL, '2026-04-07T22:00:00+00', 'searching', NULL);
INSERT INTO ride_request (customer_id, pickup_address, pickup_lat, pickup_lng, dropoff_address, dropoff_lat, dropoff_lng, vehicle_type, actual_passenger_name, actual_passenger_phone, request_time, status, note_to_driver) VALUES (84, 'Hanoi Opera House', 21.0245, 105.8558, 'Times City', 20.9965, 105.8692, '9', NULL, NULL, '2026-04-08T00:00:00+00', 'searching', 'よろしくお願いします');
INSERT INTO ride_request (customer_id, pickup_address, pickup_lat, pickup_lng, dropoff_address, dropoff_lat, dropoff_lng, vehicle_type, actual_passenger_name, actual_passenger_phone, request_time, status, note_to_driver) VALUES (85, 'Japanese Embassy', 21.027, 105.829, 'Royal City', 21.0034, 105.8156, '9', 'Passenger 85', '0800000085', '2026-04-08T02:00:00+00', 'searching', NULL);
INSERT INTO ride_request (customer_id, pickup_address, pickup_lat, pickup_lng, dropoff_address, dropoff_lat, dropoff_lng, vehicle_type, actual_passenger_name, actual_passenger_phone, request_time, status, note_to_driver) VALUES (86, 'Keangnam Landmark', 21.0167, 105.7847, 'Cầu Giấy District', 21.0368, 105.7895, '7', NULL, NULL, '2026-04-08T04:00:00+00', 'pending', NULL);
INSERT INTO ride_request (customer_id, pickup_address, pickup_lat, pickup_lng, dropoff_address, dropoff_lat, dropoff_lng, vehicle_type, actual_passenger_name, actual_passenger_phone, request_time, status, note_to_driver) VALUES (87, 'Times City', 20.9965, 105.8692, 'Hồ Gươm, Hoàn Kiếm', 21.028511, 105.852, '7', NULL, NULL, '2026-04-08T06:00:00+00', 'pending', NULL);
INSERT INTO ride_request (customer_id, pickup_address, pickup_lat, pickup_lng, dropoff_address, dropoff_lat, dropoff_lng, vehicle_type, actual_passenger_name, actual_passenger_phone, request_time, status, note_to_driver) VALUES (88, 'Royal City', 21.0034, 105.8156, 'Lotte Center Hanoi', 21.0289, 105.812, '7', NULL, NULL, '2026-04-08T08:00:00+00', 'pending', NULL);
INSERT INTO ride_request (customer_id, pickup_address, pickup_lat, pickup_lng, dropoff_address, dropoff_lat, dropoff_lng, vehicle_type, actual_passenger_name, actual_passenger_phone, request_time, status, note_to_driver) VALUES (89, 'Cầu Giấy District', 21.0368, 105.7895, 'Nội Bài Airport', 21.2212, 105.8071, '9', NULL, NULL, '2026-04-08T10:00:00+00', 'pending', NULL);
INSERT INTO ride_request (customer_id, pickup_address, pickup_lat, pickup_lng, dropoff_address, dropoff_lat, dropoff_lng, vehicle_type, actual_passenger_name, actual_passenger_phone, request_time, status, note_to_driver) VALUES (90, 'Hồ Gươm, Hoàn Kiếm', 21.028511, 105.852, 'West Lake', 21.0589, 105.8195, '9', 'Passenger 90', '0800000090', '2026-04-08T12:00:00+00', 'pending', NULL);
INSERT INTO ride_request (customer_id, pickup_address, pickup_lat, pickup_lng, dropoff_address, dropoff_lat, dropoff_lng, vehicle_type, actual_passenger_name, actual_passenger_phone, request_time, status, note_to_driver) VALUES (91, 'Lotte Center Hanoi', 21.0289, 105.812, 'Hanoi Opera House', 21.0245, 105.8558, '9', NULL, NULL, '2026-04-08T14:00:00+00', 'pending', 'よろしくお願いします');
INSERT INTO ride_request (customer_id, pickup_address, pickup_lat, pickup_lng, dropoff_address, dropoff_lat, dropoff_lng, vehicle_type, actual_passenger_name, actual_passenger_phone, request_time, status, note_to_driver) VALUES (92, 'Nội Bài Airport', 21.2212, 105.8071, 'Japanese Embassy', 21.027, 105.829, '4', NULL, NULL, '2026-04-08T16:00:00+00', 'pending', NULL);
INSERT INTO ride_request (customer_id, pickup_address, pickup_lat, pickup_lng, dropoff_address, dropoff_lat, dropoff_lng, vehicle_type, actual_passenger_name, actual_passenger_phone, request_time, status, note_to_driver) VALUES (93, 'West Lake', 21.0589, 105.8195, 'Keangnam Landmark', 21.0167, 105.7847, '7', NULL, NULL, '2026-04-08T18:00:00+00', 'failed', NULL);
INSERT INTO ride_request (customer_id, pickup_address, pickup_lat, pickup_lng, dropoff_address, dropoff_lat, dropoff_lng, vehicle_type, actual_passenger_name, actual_passenger_phone, request_time, status, note_to_driver) VALUES (94, 'Hanoi Opera House', 21.0245, 105.8558, 'Times City', 20.9965, 105.8692, '4', NULL, NULL, '2026-04-08T20:00:00+00', 'failed', NULL);
INSERT INTO ride_request (customer_id, pickup_address, pickup_lat, pickup_lng, dropoff_address, dropoff_lat, dropoff_lng, vehicle_type, actual_passenger_name, actual_passenger_phone, request_time, status, note_to_driver) VALUES (95, 'Japanese Embassy', 21.027, 105.829, 'Royal City', 21.0034, 105.8156, '9', 'Passenger 95', '0800000095', '2026-04-08T22:00:00+00', 'failed', NULL);
INSERT INTO ride_request (customer_id, pickup_address, pickup_lat, pickup_lng, dropoff_address, dropoff_lat, dropoff_lng, vehicle_type, actual_passenger_name, actual_passenger_phone, request_time, status, note_to_driver) VALUES (96, 'Keangnam Landmark', 21.0167, 105.7847, 'Cầu Giấy District', 21.0368, 105.7895, '9', NULL, NULL, '2026-04-09T00:00:00+00', 'failed', NULL);
INSERT INTO ride_request (customer_id, pickup_address, pickup_lat, pickup_lng, dropoff_address, dropoff_lat, dropoff_lng, vehicle_type, actual_passenger_name, actual_passenger_phone, request_time, status, note_to_driver) VALUES (97, 'Times City', 20.9965, 105.8692, 'Hồ Gươm, Hoàn Kiếm', 21.028511, 105.852, '4', NULL, NULL, '2026-04-09T02:00:00+00', 'failed', NULL);
INSERT INTO ride_request (customer_id, pickup_address, pickup_lat, pickup_lng, dropoff_address, dropoff_lat, dropoff_lng, vehicle_type, actual_passenger_name, actual_passenger_phone, request_time, status, note_to_driver) VALUES (98, 'Royal City', 21.0034, 105.8156, 'Lotte Center Hanoi', 21.0289, 105.812, '7', NULL, NULL, '2026-04-09T04:00:00+00', 'failed', 'よろしくお願いします');
INSERT INTO ride_request (customer_id, pickup_address, pickup_lat, pickup_lng, dropoff_address, dropoff_lat, dropoff_lng, vehicle_type, actual_passenger_name, actual_passenger_phone, request_time, status, note_to_driver) VALUES (99, 'Cầu Giấy District', 21.0368, 105.7895, 'Nội Bài Airport', 21.2212, 105.8071, '7', NULL, NULL, '2026-04-09T06:00:00+00', 'failed', NULL);
INSERT INTO ride_request (customer_id, pickup_address, pickup_lat, pickup_lng, dropoff_address, dropoff_lat, dropoff_lng, vehicle_type, actual_passenger_name, actual_passenger_phone, request_time, status, note_to_driver) VALUES (100, 'Hồ Gươm, Hoàn Kiếm', 21.028511, 105.852, 'West Lake', 21.0589, 105.8195, '9', 'Passenger 100', '0800000100', '2026-04-09T08:00:00+00', 'failed', NULL);

-- ride_request_dispatch
INSERT INTO ride_request_dispatch (request_id, driver_id, attempt_number, status, sent_at, responded_at) VALUES (1, 8, 1, 'accepted', '2026-04-01T02:00:00+00', '2026-04-01T02:02:00+00');
INSERT INTO ride_request_dispatch (request_id, driver_id, attempt_number, status, sent_at, responded_at) VALUES (2, 15, 1, 'accepted', '2026-04-01T03:00:00+00', '2026-04-01T03:02:00+00');
INSERT INTO ride_request_dispatch (request_id, driver_id, attempt_number, status, sent_at, responded_at) VALUES (3, 22, 1, 'accepted', '2026-04-01T04:00:00+00', '2026-04-01T04:02:00+00');
INSERT INTO ride_request_dispatch (request_id, driver_id, attempt_number, status, sent_at, responded_at) VALUES (4, 29, 1, 'accepted', '2026-04-01T05:00:00+00', '2026-04-01T05:02:00+00');
INSERT INTO ride_request_dispatch (request_id, driver_id, attempt_number, status, sent_at, responded_at) VALUES (5, 36, 1, 'accepted', '2026-04-01T06:00:00+00', '2026-04-01T06:02:00+00');
INSERT INTO ride_request_dispatch (request_id, driver_id, attempt_number, status, sent_at, responded_at) VALUES (6, 43, 1, 'accepted', '2026-04-01T07:00:00+00', '2026-04-01T07:02:00+00');
INSERT INTO ride_request_dispatch (request_id, driver_id, attempt_number, status, sent_at, responded_at) VALUES (7, 50, 1, 'accepted', '2026-04-01T08:00:00+00', '2026-04-01T08:02:00+00');
INSERT INTO ride_request_dispatch (request_id, driver_id, attempt_number, status, sent_at, responded_at) VALUES (8, 57, 1, 'accepted', '2026-04-01T09:00:00+00', '2026-04-01T09:02:00+00');
INSERT INTO ride_request_dispatch (request_id, driver_id, attempt_number, status, sent_at, responded_at) VALUES (9, 64, 1, 'accepted', '2026-04-01T10:00:00+00', '2026-04-01T10:02:00+00');
INSERT INTO ride_request_dispatch (request_id, driver_id, attempt_number, status, sent_at, responded_at) VALUES (10, 1, 1, 'accepted', '2026-04-01T11:00:00+00', '2026-04-01T11:02:00+00');
INSERT INTO ride_request_dispatch (request_id, driver_id, attempt_number, status, sent_at, responded_at) VALUES (11, 8, 1, 'accepted', '2026-04-01T12:00:00+00', '2026-04-01T12:02:00+00');
INSERT INTO ride_request_dispatch (request_id, driver_id, attempt_number, status, sent_at, responded_at) VALUES (12, 15, 1, 'accepted', '2026-04-01T13:00:00+00', '2026-04-01T13:02:00+00');
INSERT INTO ride_request_dispatch (request_id, driver_id, attempt_number, status, sent_at, responded_at) VALUES (13, 22, 1, 'accepted', '2026-04-01T14:00:00+00', '2026-04-01T14:02:00+00');
INSERT INTO ride_request_dispatch (request_id, driver_id, attempt_number, status, sent_at, responded_at) VALUES (14, 29, 1, 'accepted', '2026-04-01T15:00:00+00', '2026-04-01T15:02:00+00');
INSERT INTO ride_request_dispatch (request_id, driver_id, attempt_number, status, sent_at, responded_at) VALUES (15, 36, 1, 'accepted', '2026-04-01T16:00:00+00', '2026-04-01T16:02:00+00');
INSERT INTO ride_request_dispatch (request_id, driver_id, attempt_number, status, sent_at, responded_at) VALUES (16, 43, 1, 'accepted', '2026-04-01T17:00:00+00', '2026-04-01T17:02:00+00');
INSERT INTO ride_request_dispatch (request_id, driver_id, attempt_number, status, sent_at, responded_at) VALUES (17, 50, 1, 'accepted', '2026-04-01T18:00:00+00', '2026-04-01T18:02:00+00');
INSERT INTO ride_request_dispatch (request_id, driver_id, attempt_number, status, sent_at, responded_at) VALUES (18, 57, 1, 'accepted', '2026-04-01T19:00:00+00', '2026-04-01T19:02:00+00');
INSERT INTO ride_request_dispatch (request_id, driver_id, attempt_number, status, sent_at, responded_at) VALUES (19, 64, 1, 'accepted', '2026-04-01T20:00:00+00', '2026-04-01T20:02:00+00');
INSERT INTO ride_request_dispatch (request_id, driver_id, attempt_number, status, sent_at, responded_at) VALUES (20, 1, 1, 'accepted', '2026-04-01T21:00:00+00', '2026-04-01T21:02:00+00');
INSERT INTO ride_request_dispatch (request_id, driver_id, attempt_number, status, sent_at, responded_at) VALUES (21, 8, 1, 'accepted', '2026-04-01T22:00:00+00', '2026-04-01T22:02:00+00');
INSERT INTO ride_request_dispatch (request_id, driver_id, attempt_number, status, sent_at, responded_at) VALUES (22, 15, 1, 'accepted', '2026-04-01T23:00:00+00', '2026-04-01T23:02:00+00');
INSERT INTO ride_request_dispatch (request_id, driver_id, attempt_number, status, sent_at, responded_at) VALUES (23, 22, 1, 'accepted', '2026-04-02T00:00:00+00', '2026-04-02T00:02:00+00');
INSERT INTO ride_request_dispatch (request_id, driver_id, attempt_number, status, sent_at, responded_at) VALUES (24, 29, 1, 'accepted', '2026-04-02T01:00:00+00', '2026-04-02T01:02:00+00');
INSERT INTO ride_request_dispatch (request_id, driver_id, attempt_number, status, sent_at, responded_at) VALUES (25, 36, 1, 'accepted', '2026-04-02T02:00:00+00', '2026-04-02T02:02:00+00');
INSERT INTO ride_request_dispatch (request_id, driver_id, attempt_number, status, sent_at, responded_at) VALUES (26, 43, 1, 'accepted', '2026-04-02T03:00:00+00', '2026-04-02T03:02:00+00');
INSERT INTO ride_request_dispatch (request_id, driver_id, attempt_number, status, sent_at, responded_at) VALUES (27, 50, 1, 'accepted', '2026-04-02T04:00:00+00', '2026-04-02T04:02:00+00');
INSERT INTO ride_request_dispatch (request_id, driver_id, attempt_number, status, sent_at, responded_at) VALUES (28, 57, 1, 'accepted', '2026-04-02T05:00:00+00', '2026-04-02T05:02:00+00');
INSERT INTO ride_request_dispatch (request_id, driver_id, attempt_number, status, sent_at, responded_at) VALUES (29, 64, 1, 'accepted', '2026-04-02T06:00:00+00', '2026-04-02T06:02:00+00');
INSERT INTO ride_request_dispatch (request_id, driver_id, attempt_number, status, sent_at, responded_at) VALUES (30, 1, 1, 'accepted', '2026-04-02T07:00:00+00', '2026-04-02T07:02:00+00');
INSERT INTO ride_request_dispatch (request_id, driver_id, attempt_number, status, sent_at, responded_at) VALUES (31, 8, 1, 'accepted', '2026-04-02T08:00:00+00', '2026-04-02T08:02:00+00');
INSERT INTO ride_request_dispatch (request_id, driver_id, attempt_number, status, sent_at, responded_at) VALUES (32, 15, 1, 'accepted', '2026-04-02T09:00:00+00', '2026-04-02T09:02:00+00');
INSERT INTO ride_request_dispatch (request_id, driver_id, attempt_number, status, sent_at, responded_at) VALUES (33, 22, 1, 'accepted', '2026-04-02T10:00:00+00', '2026-04-02T10:02:00+00');
INSERT INTO ride_request_dispatch (request_id, driver_id, attempt_number, status, sent_at, responded_at) VALUES (34, 29, 1, 'accepted', '2026-04-02T11:00:00+00', '2026-04-02T11:02:00+00');
INSERT INTO ride_request_dispatch (request_id, driver_id, attempt_number, status, sent_at, responded_at) VALUES (35, 36, 1, 'accepted', '2026-04-02T12:00:00+00', '2026-04-02T12:02:00+00');
INSERT INTO ride_request_dispatch (request_id, driver_id, attempt_number, status, sent_at, responded_at) VALUES (36, 43, 1, 'accepted', '2026-04-02T13:00:00+00', '2026-04-02T13:02:00+00');
INSERT INTO ride_request_dispatch (request_id, driver_id, attempt_number, status, sent_at, responded_at) VALUES (37, 50, 1, 'accepted', '2026-04-02T14:00:00+00', '2026-04-02T14:02:00+00');
INSERT INTO ride_request_dispatch (request_id, driver_id, attempt_number, status, sent_at, responded_at) VALUES (38, 57, 1, 'accepted', '2026-04-02T15:00:00+00', '2026-04-02T15:02:00+00');
INSERT INTO ride_request_dispatch (request_id, driver_id, attempt_number, status, sent_at, responded_at) VALUES (39, 64, 1, 'accepted', '2026-04-02T16:00:00+00', '2026-04-02T16:02:00+00');
INSERT INTO ride_request_dispatch (request_id, driver_id, attempt_number, status, sent_at, responded_at) VALUES (40, 1, 1, 'accepted', '2026-04-02T17:00:00+00', '2026-04-02T17:02:00+00');
INSERT INTO ride_request_dispatch (request_id, driver_id, attempt_number, status, sent_at, responded_at) VALUES (41, 8, 1, 'accepted', '2026-04-02T18:00:00+00', '2026-04-02T18:02:00+00');
INSERT INTO ride_request_dispatch (request_id, driver_id, attempt_number, status, sent_at, responded_at) VALUES (42, 15, 1, 'accepted', '2026-04-02T19:00:00+00', '2026-04-02T19:02:00+00');
INSERT INTO ride_request_dispatch (request_id, driver_id, attempt_number, status, sent_at, responded_at) VALUES (43, 22, 1, 'accepted', '2026-04-02T20:00:00+00', '2026-04-02T20:02:00+00');
INSERT INTO ride_request_dispatch (request_id, driver_id, attempt_number, status, sent_at, responded_at) VALUES (44, 29, 1, 'accepted', '2026-04-02T21:00:00+00', '2026-04-02T21:02:00+00');
INSERT INTO ride_request_dispatch (request_id, driver_id, attempt_number, status, sent_at, responded_at) VALUES (45, 36, 1, 'accepted', '2026-04-02T22:00:00+00', '2026-04-02T22:02:00+00');
INSERT INTO ride_request_dispatch (request_id, driver_id, attempt_number, status, sent_at, responded_at) VALUES (46, 43, 1, 'accepted', '2026-04-02T23:00:00+00', '2026-04-02T23:02:00+00');
INSERT INTO ride_request_dispatch (request_id, driver_id, attempt_number, status, sent_at, responded_at) VALUES (47, 50, 1, 'accepted', '2026-04-03T00:00:00+00', '2026-04-03T00:02:00+00');
INSERT INTO ride_request_dispatch (request_id, driver_id, attempt_number, status, sent_at, responded_at) VALUES (48, 57, 1, 'accepted', '2026-04-03T01:00:00+00', '2026-04-03T01:02:00+00');
INSERT INTO ride_request_dispatch (request_id, driver_id, attempt_number, status, sent_at, responded_at) VALUES (49, 64, 1, 'accepted', '2026-04-03T02:00:00+00', '2026-04-03T02:02:00+00');
INSERT INTO ride_request_dispatch (request_id, driver_id, attempt_number, status, sent_at, responded_at) VALUES (50, 1, 1, 'accepted', '2026-04-03T03:00:00+00', '2026-04-03T03:02:00+00');
INSERT INTO ride_request_dispatch (request_id, driver_id, attempt_number, status, sent_at, responded_at) VALUES (51, 8, 1, 'accepted', '2026-04-03T04:00:00+00', '2026-04-03T04:02:00+00');
INSERT INTO ride_request_dispatch (request_id, driver_id, attempt_number, status, sent_at, responded_at) VALUES (52, 15, 1, 'accepted', '2026-04-03T05:00:00+00', '2026-04-03T05:02:00+00');
INSERT INTO ride_request_dispatch (request_id, driver_id, attempt_number, status, sent_at, responded_at) VALUES (53, 22, 1, 'accepted', '2026-04-03T06:00:00+00', '2026-04-03T06:02:00+00');
INSERT INTO ride_request_dispatch (request_id, driver_id, attempt_number, status, sent_at, responded_at) VALUES (54, 29, 1, 'accepted', '2026-04-03T07:00:00+00', '2026-04-03T07:02:00+00');
INSERT INTO ride_request_dispatch (request_id, driver_id, attempt_number, status, sent_at, responded_at) VALUES (55, 36, 1, 'accepted', '2026-04-03T08:00:00+00', '2026-04-03T08:02:00+00');
INSERT INTO ride_request_dispatch (request_id, driver_id, attempt_number, status, sent_at, responded_at) VALUES (56, 43, 1, 'accepted', '2026-04-03T09:00:00+00', '2026-04-03T09:02:00+00');
INSERT INTO ride_request_dispatch (request_id, driver_id, attempt_number, status, sent_at, responded_at) VALUES (57, 50, 1, 'accepted', '2026-04-03T10:00:00+00', '2026-04-03T10:02:00+00');
INSERT INTO ride_request_dispatch (request_id, driver_id, attempt_number, status, sent_at, responded_at) VALUES (58, 57, 1, 'accepted', '2026-04-03T11:00:00+00', '2026-04-03T11:02:00+00');
INSERT INTO ride_request_dispatch (request_id, driver_id, attempt_number, status, sent_at, responded_at) VALUES (59, 64, 1, 'accepted', '2026-04-03T12:00:00+00', '2026-04-03T12:02:00+00');
INSERT INTO ride_request_dispatch (request_id, driver_id, attempt_number, status, sent_at, responded_at) VALUES (60, 1, 1, 'accepted', '2026-04-03T13:00:00+00', '2026-04-03T13:02:00+00');
INSERT INTO ride_request_dispatch (request_id, driver_id, attempt_number, status, sent_at, responded_at) VALUES (61, 8, 1, 'timeout', '2026-04-03T14:00:00+00', NULL);
INSERT INTO ride_request_dispatch (request_id, driver_id, attempt_number, status, sent_at, responded_at) VALUES (62, 15, 1, 'accepted', '2026-04-03T15:00:00+00', '2026-04-03T15:02:00+00');
INSERT INTO ride_request_dispatch (request_id, driver_id, attempt_number, status, sent_at, responded_at) VALUES (63, 22, 1, 'pending', '2026-04-03T16:00:00+00', NULL);
INSERT INTO ride_request_dispatch (request_id, driver_id, attempt_number, status, sent_at, responded_at) VALUES (64, 29, 1, 'rejected', '2026-04-03T17:00:00+00', NULL);
INSERT INTO ride_request_dispatch (request_id, driver_id, attempt_number, status, sent_at, responded_at) VALUES (65, 36, 1, 'timeout', '2026-04-03T18:00:00+00', NULL);
INSERT INTO ride_request_dispatch (request_id, driver_id, attempt_number, status, sent_at, responded_at) VALUES (66, 43, 1, 'rejected', '2026-04-03T19:00:00+00', NULL);
INSERT INTO ride_request_dispatch (request_id, driver_id, attempt_number, status, sent_at, responded_at) VALUES (67, 50, 1, 'accepted', '2026-04-03T20:00:00+00', '2026-04-03T20:02:00+00');
INSERT INTO ride_request_dispatch (request_id, driver_id, attempt_number, status, sent_at, responded_at) VALUES (68, 57, 1, 'pending', '2026-04-03T21:00:00+00', NULL);
INSERT INTO ride_request_dispatch (request_id, driver_id, attempt_number, status, sent_at, responded_at) VALUES (69, 64, 1, 'timeout', '2026-04-03T22:00:00+00', NULL);
INSERT INTO ride_request_dispatch (request_id, driver_id, attempt_number, status, sent_at, responded_at) VALUES (70, 1, 1, 'rejected', '2026-04-03T23:00:00+00', NULL);
INSERT INTO ride_request_dispatch (request_id, driver_id, attempt_number, status, sent_at, responded_at) VALUES (71, 8, 1, 'pending', '2026-04-04T00:00:00+00', NULL);
INSERT INTO ride_request_dispatch (request_id, driver_id, attempt_number, status, sent_at, responded_at) VALUES (72, 15, 1, 'rejected', '2026-04-04T01:00:00+00', NULL);
INSERT INTO ride_request_dispatch (request_id, driver_id, attempt_number, status, sent_at, responded_at) VALUES (73, 22, 1, 'rejected', '2026-04-04T02:00:00+00', NULL);
INSERT INTO ride_request_dispatch (request_id, driver_id, attempt_number, status, sent_at, responded_at) VALUES (74, 29, 1, 'accepted', '2026-04-04T03:00:00+00', '2026-04-04T03:02:00+00');
INSERT INTO ride_request_dispatch (request_id, driver_id, attempt_number, status, sent_at, responded_at) VALUES (75, 36, 1, 'accepted', '2026-04-04T04:00:00+00', '2026-04-04T04:02:00+00');
INSERT INTO ride_request_dispatch (request_id, driver_id, attempt_number, status, sent_at, responded_at) VALUES (76, 43, 1, 'rejected', '2026-04-04T05:00:00+00', NULL);
INSERT INTO ride_request_dispatch (request_id, driver_id, attempt_number, status, sent_at, responded_at) VALUES (77, 50, 1, 'timeout', '2026-04-04T06:00:00+00', NULL);
INSERT INTO ride_request_dispatch (request_id, driver_id, attempt_number, status, sent_at, responded_at) VALUES (78, 57, 1, 'accepted', '2026-04-04T07:00:00+00', '2026-04-04T07:02:00+00');
INSERT INTO ride_request_dispatch (request_id, driver_id, attempt_number, status, sent_at, responded_at) VALUES (79, 64, 1, 'accepted', '2026-04-04T08:00:00+00', '2026-04-04T08:02:00+00');
INSERT INTO ride_request_dispatch (request_id, driver_id, attempt_number, status, sent_at, responded_at) VALUES (80, 1, 1, 'accepted', '2026-04-04T09:00:00+00', '2026-04-04T09:02:00+00');
INSERT INTO ride_request_dispatch (request_id, driver_id, attempt_number, status, sent_at, responded_at) VALUES (81, 8, 1, 'accepted', '2026-04-04T10:00:00+00', '2026-04-04T10:02:00+00');
INSERT INTO ride_request_dispatch (request_id, driver_id, attempt_number, status, sent_at, responded_at) VALUES (82, 15, 1, 'pending', '2026-04-04T11:00:00+00', NULL);
INSERT INTO ride_request_dispatch (request_id, driver_id, attempt_number, status, sent_at, responded_at) VALUES (83, 22, 1, 'rejected', '2026-04-04T12:00:00+00', NULL);
INSERT INTO ride_request_dispatch (request_id, driver_id, attempt_number, status, sent_at, responded_at) VALUES (84, 29, 1, 'pending', '2026-04-04T13:00:00+00', NULL);
INSERT INTO ride_request_dispatch (request_id, driver_id, attempt_number, status, sent_at, responded_at) VALUES (85, 36, 1, 'pending', '2026-04-04T14:00:00+00', NULL);
INSERT INTO ride_request_dispatch (request_id, driver_id, attempt_number, status, sent_at, responded_at) VALUES (86, 43, 1, 'rejected', '2026-04-04T15:00:00+00', NULL);
INSERT INTO ride_request_dispatch (request_id, driver_id, attempt_number, status, sent_at, responded_at) VALUES (87, 50, 1, 'accepted', '2026-04-04T16:00:00+00', '2026-04-04T16:02:00+00');
INSERT INTO ride_request_dispatch (request_id, driver_id, attempt_number, status, sent_at, responded_at) VALUES (88, 57, 1, 'timeout', '2026-04-04T17:00:00+00', NULL);
INSERT INTO ride_request_dispatch (request_id, driver_id, attempt_number, status, sent_at, responded_at) VALUES (89, 64, 1, 'accepted', '2026-04-04T18:00:00+00', '2026-04-04T18:02:00+00');
INSERT INTO ride_request_dispatch (request_id, driver_id, attempt_number, status, sent_at, responded_at) VALUES (90, 1, 1, 'accepted', '2026-04-04T19:00:00+00', '2026-04-04T19:02:00+00');
INSERT INTO ride_request_dispatch (request_id, driver_id, attempt_number, status, sent_at, responded_at) VALUES (91, 8, 1, 'accepted', '2026-04-04T20:00:00+00', '2026-04-04T20:02:00+00');
INSERT INTO ride_request_dispatch (request_id, driver_id, attempt_number, status, sent_at, responded_at) VALUES (92, 15, 1, 'accepted', '2026-04-04T21:00:00+00', '2026-04-04T21:02:00+00');
INSERT INTO ride_request_dispatch (request_id, driver_id, attempt_number, status, sent_at, responded_at) VALUES (93, 22, 1, 'timeout', '2026-04-04T22:00:00+00', NULL);
INSERT INTO ride_request_dispatch (request_id, driver_id, attempt_number, status, sent_at, responded_at) VALUES (94, 29, 1, 'pending', '2026-04-04T23:00:00+00', NULL);
INSERT INTO ride_request_dispatch (request_id, driver_id, attempt_number, status, sent_at, responded_at) VALUES (95, 36, 1, 'timeout', '2026-04-05T00:00:00+00', NULL);
INSERT INTO ride_request_dispatch (request_id, driver_id, attempt_number, status, sent_at, responded_at) VALUES (96, 43, 1, 'rejected', '2026-04-05T01:00:00+00', NULL);
INSERT INTO ride_request_dispatch (request_id, driver_id, attempt_number, status, sent_at, responded_at) VALUES (97, 50, 1, 'accepted', '2026-04-05T02:00:00+00', '2026-04-05T02:02:00+00');
INSERT INTO ride_request_dispatch (request_id, driver_id, attempt_number, status, sent_at, responded_at) VALUES (98, 57, 1, 'timeout', '2026-04-05T03:00:00+00', NULL);
INSERT INTO ride_request_dispatch (request_id, driver_id, attempt_number, status, sent_at, responded_at) VALUES (99, 64, 1, 'rejected', '2026-04-05T04:00:00+00', NULL);
INSERT INTO ride_request_dispatch (request_id, driver_id, attempt_number, status, sent_at, responded_at) VALUES (100, 1, 1, 'timeout', '2026-04-05T05:00:00+00', NULL);

-- trip
INSERT INTO trip (request_id, driver_id, start_time, end_time, actual_distance_km, exchange_rate_vnd_to_jpy, final_fare_vnd, final_fare_jpy, raw_fare_vnd, status) VALUES (1, 8, '2026-04-02T01:00:00+00', '2026-04-02T01:30:00+00', 10.11, 0.0062, 157430, 976, 157430, 'completed');
INSERT INTO trip (request_id, driver_id, start_time, end_time, actual_distance_km, exchange_rate_vnd_to_jpy, final_fare_vnd, final_fare_jpy, raw_fare_vnd, status) VALUES (2, 15, '2026-04-02T02:00:00+00', '2026-04-02T02:30:00+00', 10.27, 0.0062, 159510, 988, 159510, 'completed');
INSERT INTO trip (request_id, driver_id, start_time, end_time, actual_distance_km, exchange_rate_vnd_to_jpy, final_fare_vnd, final_fare_jpy, raw_fare_vnd, status) VALUES (3, 22, '2026-04-02T03:00:00+00', '2026-04-02T04:41:00+00', 33.88, 0.0062, 466440, 2891, 466440, 'completed');
INSERT INTO trip (request_id, driver_id, start_time, end_time, actual_distance_km, exchange_rate_vnd_to_jpy, final_fare_vnd, final_fare_jpy, raw_fare_vnd, status) VALUES (4, 29, '2026-04-02T04:00:00+00', '2026-04-02T05:23:00+00', 27.99, 0.0062, 389870, 2417, 389870, 'completed');
INSERT INTO trip (request_id, driver_id, start_time, end_time, actual_distance_km, exchange_rate_vnd_to_jpy, final_fare_vnd, final_fare_jpy, raw_fare_vnd, status) VALUES (5, 36, '2026-04-02T05:00:00+00', '2026-04-02T06:35:00+00', 31.88, 0.0062, 440440, 2730, 440440, 'completed');
INSERT INTO trip (request_id, driver_id, start_time, end_time, actual_distance_km, exchange_rate_vnd_to_jpy, final_fare_vnd, final_fare_jpy, raw_fare_vnd, status) VALUES (6, 43, '2026-04-02T06:00:00+00', '2026-04-02T06:26:00+00', 8.81, 0.0062, 140530, 871, 140530, 'completed');
INSERT INTO trip (request_id, driver_id, start_time, end_time, actual_distance_km, exchange_rate_vnd_to_jpy, final_fare_vnd, final_fare_jpy, raw_fare_vnd, status) VALUES (7, 50, '2026-04-02T07:00:00+00', '2026-04-02T08:13:00+00', 24.54, 0.0062, 345020, 2139, 345020, 'completed');
INSERT INTO trip (request_id, driver_id, start_time, end_time, actual_distance_km, exchange_rate_vnd_to_jpy, final_fare_vnd, final_fare_jpy, raw_fare_vnd, status) VALUES (8, 57, '2026-04-02T08:00:00+00', '2026-04-02T09:03:00+00', 21.04, 0.0062, 299520, 1857, 299520, 'completed');
INSERT INTO trip (request_id, driver_id, start_time, end_time, actual_distance_km, exchange_rate_vnd_to_jpy, final_fare_vnd, final_fare_jpy, raw_fare_vnd, status) VALUES (9, 64, '2026-04-02T09:00:00+00', '2026-04-02T09:50:00+00', 16.82, 0.0062, 244660, 1516, 244660, 'completed');
INSERT INTO trip (request_id, driver_id, start_time, end_time, actual_distance_km, exchange_rate_vnd_to_jpy, final_fare_vnd, final_fare_jpy, raw_fare_vnd, status) VALUES (10, 1, '2026-04-02T10:00:00+00', '2026-04-02T11:22:00+00', 27.51, 0.0062, 383630, 2378, 383630, 'completed');
INSERT INTO trip (request_id, driver_id, start_time, end_time, actual_distance_km, exchange_rate_vnd_to_jpy, final_fare_vnd, final_fare_jpy, raw_fare_vnd, status) VALUES (11, 8, '2026-04-02T11:00:00+00', '2026-04-02T12:23:00+00', 27.79, 0.0062, 387270, 2401, 387270, 'completed');
INSERT INTO trip (request_id, driver_id, start_time, end_time, actual_distance_km, exchange_rate_vnd_to_jpy, final_fare_vnd, final_fare_jpy, raw_fare_vnd, status) VALUES (12, 15, '2026-04-02T12:00:00+00', '2026-04-02T12:56:00+00', 18.84, 0.0062, 270920, 1679, 270920, 'completed');
INSERT INTO trip (request_id, driver_id, start_time, end_time, actual_distance_km, exchange_rate_vnd_to_jpy, final_fare_vnd, final_fare_jpy, raw_fare_vnd, status) VALUES (13, 22, '2026-04-02T13:00:00+00', '2026-04-02T13:48:00+00', 16.11, 0.0062, 235430, 1459, 235430, 'completed');
INSERT INTO trip (request_id, driver_id, start_time, end_time, actual_distance_km, exchange_rate_vnd_to_jpy, final_fare_vnd, final_fare_jpy, raw_fare_vnd, status) VALUES (14, 29, '2026-04-02T14:00:00+00', '2026-04-02T14:23:00+00', 7.77, 0.0062, 127010, 787, 127010, 'completed');
INSERT INTO trip (request_id, driver_id, start_time, end_time, actual_distance_km, exchange_rate_vnd_to_jpy, final_fare_vnd, final_fare_jpy, raw_fare_vnd, status) VALUES (15, 36, '2026-04-02T15:00:00+00', '2026-04-02T15:26:00+00', 8.99, 0.0062, 142870, 885, 142870, 'completed');
INSERT INTO trip (request_id, driver_id, start_time, end_time, actual_distance_km, exchange_rate_vnd_to_jpy, final_fare_vnd, final_fare_jpy, raw_fare_vnd, status) VALUES (16, 43, '2026-04-02T16:00:00+00', '2026-04-02T17:06:00+00', 22.15, 0.0062, 313950, 1946, 313950, 'completed');
INSERT INTO trip (request_id, driver_id, start_time, end_time, actual_distance_km, exchange_rate_vnd_to_jpy, final_fare_vnd, final_fare_jpy, raw_fare_vnd, status) VALUES (17, 50, '2026-04-02T17:00:00+00', '2026-04-02T18:32:00+00', 30.87, 0.0062, 427310, 2649, 427310, 'completed');
INSERT INTO trip (request_id, driver_id, start_time, end_time, actual_distance_km, exchange_rate_vnd_to_jpy, final_fare_vnd, final_fare_jpy, raw_fare_vnd, status) VALUES (18, 57, '2026-04-02T18:00:00+00', '2026-04-02T18:12:00+00', 4.2, 0.0062, 80600, 499, 80600, 'completed');
INSERT INTO trip (request_id, driver_id, start_time, end_time, actual_distance_km, exchange_rate_vnd_to_jpy, final_fare_vnd, final_fare_jpy, raw_fare_vnd, status) VALUES (19, 64, '2026-04-02T19:00:00+00', '2026-04-02T19:54:00+00', 18.12, 0.0062, 261560, 1621, 261560, 'completed');
INSERT INTO trip (request_id, driver_id, start_time, end_time, actual_distance_km, exchange_rate_vnd_to_jpy, final_fare_vnd, final_fare_jpy, raw_fare_vnd, status) VALUES (20, 1, '2026-04-02T20:00:00+00', '2026-04-02T20:43:00+00', 14.56, 0.0062, 215280, 1334, 215280, 'completed');
INSERT INTO trip (request_id, driver_id, start_time, end_time, actual_distance_km, exchange_rate_vnd_to_jpy, final_fare_vnd, final_fare_jpy, raw_fare_vnd, status) VALUES (21, 8, '2026-04-02T21:00:00+00', '2026-04-02T22:38:00+00', 32.86, 0.0062, 453180, 2809, 453180, 'completed');
INSERT INTO trip (request_id, driver_id, start_time, end_time, actual_distance_km, exchange_rate_vnd_to_jpy, final_fare_vnd, final_fare_jpy, raw_fare_vnd, status) VALUES (22, 15, '2026-04-02T22:00:00+00', '2026-04-02T23:16:00+00', 25.62, 0.0062, 359060, 2226, 359060, 'completed');
INSERT INTO trip (request_id, driver_id, start_time, end_time, actual_distance_km, exchange_rate_vnd_to_jpy, final_fare_vnd, final_fare_jpy, raw_fare_vnd, status) VALUES (23, 22, '2026-04-02T23:00:00+00', '2026-04-02T23:57:00+00', 19.27, 0.0062, 276510, 1714, 276510, 'completed');
INSERT INTO trip (request_id, driver_id, start_time, end_time, actual_distance_km, exchange_rate_vnd_to_jpy, final_fare_vnd, final_fare_jpy, raw_fare_vnd, status) VALUES (24, 29, '2026-04-03T00:00:00+00', '2026-04-03T00:19:00+00', 6.55, 0.0062, 111150, 689, 111150, 'completed');
INSERT INTO trip (request_id, driver_id, start_time, end_time, actual_distance_km, exchange_rate_vnd_to_jpy, final_fare_vnd, final_fare_jpy, raw_fare_vnd, status) VALUES (25, 36, '2026-04-03T01:00:00+00', '2026-04-03T01:15:00+00', 5.23, 0.0062, 93990, 582, 93990, 'completed');
INSERT INTO trip (request_id, driver_id, start_time, end_time, actual_distance_km, exchange_rate_vnd_to_jpy, final_fare_vnd, final_fare_jpy, raw_fare_vnd, status) VALUES (26, 43, '2026-04-03T02:00:00+00', '2026-04-03T02:23:00+00', 7.71, 0.0062, 126230, 782, 126230, 'completed');
INSERT INTO trip (request_id, driver_id, start_time, end_time, actual_distance_km, exchange_rate_vnd_to_jpy, final_fare_vnd, final_fare_jpy, raw_fare_vnd, status) VALUES (27, 50, '2026-04-03T03:00:00+00', '2026-04-03T03:51:00+00', 17.1, 0.0062, 248300, 1539, 248300, 'completed');
INSERT INTO trip (request_id, driver_id, start_time, end_time, actual_distance_km, exchange_rate_vnd_to_jpy, final_fare_vnd, final_fare_jpy, raw_fare_vnd, status) VALUES (28, 57, '2026-04-03T04:00:00+00', '2026-04-03T04:57:00+00', 19.18, 0.0062, 275340, 1707, 275340, 'completed');
INSERT INTO trip (request_id, driver_id, start_time, end_time, actual_distance_km, exchange_rate_vnd_to_jpy, final_fare_vnd, final_fare_jpy, raw_fare_vnd, status) VALUES (29, 64, '2026-04-03T05:00:00+00', '2026-04-03T06:28:00+00', 29.51, 0.0062, 409630, 2539, 409630, 'completed');
INSERT INTO trip (request_id, driver_id, start_time, end_time, actual_distance_km, exchange_rate_vnd_to_jpy, final_fare_vnd, final_fare_jpy, raw_fare_vnd, status) VALUES (30, 1, '2026-04-03T06:00:00+00', '2026-04-03T06:16:00+00', 5.48, 0.0062, 97240, 602, 97240, 'completed');
INSERT INTO trip (request_id, driver_id, start_time, end_time, actual_distance_km, exchange_rate_vnd_to_jpy, final_fare_vnd, final_fare_jpy, raw_fare_vnd, status) VALUES (31, 8, '2026-04-03T07:00:00+00', '2026-04-03T08:36:00+00', 32.09, 0.0062, 443170, 2747, 443170, 'completed');
INSERT INTO trip (request_id, driver_id, start_time, end_time, actual_distance_km, exchange_rate_vnd_to_jpy, final_fare_vnd, final_fare_jpy, raw_fare_vnd, status) VALUES (32, 15, '2026-04-03T08:00:00+00', '2026-04-03T09:27:00+00', 29.04, 0.0062, 403520, 2501, 403520, 'completed');
INSERT INTO trip (request_id, driver_id, start_time, end_time, actual_distance_km, exchange_rate_vnd_to_jpy, final_fare_vnd, final_fare_jpy, raw_fare_vnd, status) VALUES (33, 22, '2026-04-03T09:00:00+00', '2026-04-03T10:33:00+00', 31.25, 0.0062, 432250, 2679, 432250, 'completed');
INSERT INTO trip (request_id, driver_id, start_time, end_time, actual_distance_km, exchange_rate_vnd_to_jpy, final_fare_vnd, final_fare_jpy, raw_fare_vnd, status) VALUES (34, 29, '2026-04-03T10:00:00+00', '2026-04-03T11:38:00+00', 32.74, 0.0062, 451620, 2800, 451620, 'completed');
INSERT INTO trip (request_id, driver_id, start_time, end_time, actual_distance_km, exchange_rate_vnd_to_jpy, final_fare_vnd, final_fare_jpy, raw_fare_vnd, status) VALUES (35, 36, '2026-04-03T11:00:00+00', '2026-04-03T11:47:00+00', 15.98, 0.0062, 233740, 1449, 233740, 'completed');
INSERT INTO trip (request_id, driver_id, start_time, end_time, actual_distance_km, exchange_rate_vnd_to_jpy, final_fare_vnd, final_fare_jpy, raw_fare_vnd, status) VALUES (36, 43, '2026-04-03T12:00:00+00', '2026-04-03T12:46:00+00', 15.38, 0.0062, 225940, 1400, 225940, 'completed');
INSERT INTO trip (request_id, driver_id, start_time, end_time, actual_distance_km, exchange_rate_vnd_to_jpy, final_fare_vnd, final_fare_jpy, raw_fare_vnd, status) VALUES (37, 50, '2026-04-03T13:00:00+00', '2026-04-03T13:43:00+00', 14.65, 0.0062, 216450, 1341, 216450, 'completed');
INSERT INTO trip (request_id, driver_id, start_time, end_time, actual_distance_km, exchange_rate_vnd_to_jpy, final_fare_vnd, final_fare_jpy, raw_fare_vnd, status) VALUES (38, 57, '2026-04-03T14:00:00+00', '2026-04-03T14:45:00+00', 15.05, 0.0062, 221650, 1374, 221650, 'completed');
INSERT INTO trip (request_id, driver_id, start_time, end_time, actual_distance_km, exchange_rate_vnd_to_jpy, final_fare_vnd, final_fare_jpy, raw_fare_vnd, status) VALUES (39, 64, '2026-04-03T15:00:00+00', '2026-04-03T15:15:00+00', 5.15, 0.0062, 92950, 576, 92950, 'completed');
INSERT INTO trip (request_id, driver_id, start_time, end_time, actual_distance_km, exchange_rate_vnd_to_jpy, final_fare_vnd, final_fare_jpy, raw_fare_vnd, status) VALUES (40, 1, '2026-04-03T16:00:00+00', '2026-04-03T16:29:00+00', 9.8, 0.0062, 153400, 951, 153400, 'completed');
INSERT INTO trip (request_id, driver_id, start_time, end_time, actual_distance_km, exchange_rate_vnd_to_jpy, final_fare_vnd, final_fare_jpy, raw_fare_vnd, status) VALUES (41, 8, '2026-04-03T17:00:00+00', '2026-04-03T17:38:00+00', 12.86, 0.0062, 193180, 1197, 193180, 'completed');
INSERT INTO trip (request_id, driver_id, start_time, end_time, actual_distance_km, exchange_rate_vnd_to_jpy, final_fare_vnd, final_fare_jpy, raw_fare_vnd, status) VALUES (42, 15, '2026-04-03T18:00:00+00', '2026-04-03T18:17:00+00', 5.72, 0.0062, 100360, 622, 100360, 'completed');
INSERT INTO trip (request_id, driver_id, start_time, end_time, actual_distance_km, exchange_rate_vnd_to_jpy, final_fare_vnd, final_fare_jpy, raw_fare_vnd, status) VALUES (43, 22, '2026-04-03T19:00:00+00', '2026-04-03T20:17:00+00', 25.73, 0.0062, 360490, 2235, 360490, 'completed');
INSERT INTO trip (request_id, driver_id, start_time, end_time, actual_distance_km, exchange_rate_vnd_to_jpy, final_fare_vnd, final_fare_jpy, raw_fare_vnd, status) VALUES (44, 29, '2026-04-03T20:00:00+00', '2026-04-03T20:40:00+00', 13.4, 0.0062, 200200, 1241, 200200, 'completed');
INSERT INTO trip (request_id, driver_id, start_time, end_time, actual_distance_km, exchange_rate_vnd_to_jpy, final_fare_vnd, final_fare_jpy, raw_fare_vnd, status) VALUES (45, 36, '2026-04-03T21:00:00+00', '2026-04-03T21:21:00+00', 7.25, 0.0062, 120250, 745, 120250, 'completed');
INSERT INTO trip (request_id, driver_id, start_time, end_time, actual_distance_km, exchange_rate_vnd_to_jpy, final_fare_vnd, final_fare_jpy, raw_fare_vnd, status) VALUES (46, 43, '2026-04-03T22:00:00+00', '2026-04-03T22:11:00+00', 3.74, 0.0062, 74620, 462, 74620, 'completed');
INSERT INTO trip (request_id, driver_id, start_time, end_time, actual_distance_km, exchange_rate_vnd_to_jpy, final_fare_vnd, final_fare_jpy, raw_fare_vnd, status) VALUES (47, 50, '2026-04-03T23:00:00+00', '2026-04-04T00:36:00+00', 32.32, 0.0062, 446160, 2766, 446160, 'completed');
INSERT INTO trip (request_id, driver_id, start_time, end_time, actual_distance_km, exchange_rate_vnd_to_jpy, final_fare_vnd, final_fare_jpy, raw_fare_vnd, status) VALUES (48, 57, '2026-04-04T00:00:00+00', '2026-04-04T00:53:00+00', 17.85, 0.0062, 258050, 1599, 258050, 'completed');
INSERT INTO trip (request_id, driver_id, start_time, end_time, actual_distance_km, exchange_rate_vnd_to_jpy, final_fare_vnd, final_fare_jpy, raw_fare_vnd, status) VALUES (49, 64, '2026-04-04T01:00:00+00', '2026-04-04T02:28:00+00', 29.51, 0.0062, 409630, 2539, 409630, 'completed');
INSERT INTO trip (request_id, driver_id, start_time, end_time, actual_distance_km, exchange_rate_vnd_to_jpy, final_fare_vnd, final_fare_jpy, raw_fare_vnd, status) VALUES (50, 1, '2026-04-04T02:00:00+00', '2026-04-04T03:21:00+00', 27.16, 0.0062, 379080, 2350, 379080, 'completed');
INSERT INTO trip (request_id, driver_id, start_time, end_time, actual_distance_km, exchange_rate_vnd_to_jpy, final_fare_vnd, final_fare_jpy, raw_fare_vnd, status) VALUES (51, 8, '2026-04-04T03:00:00+00', '2026-04-04T03:53:00+00', 17.75, 0.0062, 256750, 1591, 256750, 'completed');
INSERT INTO trip (request_id, driver_id, start_time, end_time, actual_distance_km, exchange_rate_vnd_to_jpy, final_fare_vnd, final_fare_jpy, raw_fare_vnd, status) VALUES (52, 15, '2026-04-04T04:00:00+00', '2026-04-04T05:07:00+00', 22.5, 0.0062, 318500, 1974, 318500, 'completed');
INSERT INTO trip (request_id, driver_id, start_time, end_time, actual_distance_km, exchange_rate_vnd_to_jpy, final_fare_vnd, final_fare_jpy, raw_fare_vnd, status) VALUES (53, 22, '2026-04-04T05:00:00+00', '2026-04-04T06:35:00+00', 31.94, 0.0062, 441220, 2735, 441220, 'completed');
INSERT INTO trip (request_id, driver_id, start_time, end_time, actual_distance_km, exchange_rate_vnd_to_jpy, final_fare_vnd, final_fare_jpy, raw_fare_vnd, status) VALUES (54, 29, '2026-04-04T06:00:00+00', '2026-04-04T06:09:00+00', 3.12, 0.0062, 66560, 412, 66560, 'completed');
INSERT INTO trip (request_id, driver_id, start_time, end_time, actual_distance_km, exchange_rate_vnd_to_jpy, final_fare_vnd, final_fare_jpy, raw_fare_vnd, status) VALUES (55, 36, '2026-04-04T07:00:00+00', '2026-04-04T07:28:00+00', 9.51, 0.0062, 149630, 927, 149630, 'completed');
INSERT INTO trip (request_id, driver_id, start_time, end_time, actual_distance_km, exchange_rate_vnd_to_jpy, final_fare_vnd, final_fare_jpy, raw_fare_vnd, status) VALUES (56, 43, '2026-04-04T08:00:00+00', '2026-04-04T08:22:00+00', 7.36, 0.0062, 121680, 754, 121680, 'completed');
INSERT INTO trip (request_id, driver_id, start_time, end_time, actual_distance_km, exchange_rate_vnd_to_jpy, final_fare_vnd, final_fare_jpy, raw_fare_vnd, status) VALUES (57, 50, '2026-04-04T09:00:00+00', '2026-04-04T10:39:00+00', 33.06, 0.0062, 455780, 2825, 455780, 'completed');
INSERT INTO trip (request_id, driver_id, start_time, end_time, actual_distance_km, exchange_rate_vnd_to_jpy, final_fare_vnd, final_fare_jpy, raw_fare_vnd, status) VALUES (58, 57, '2026-04-04T10:00:00+00', '2026-04-04T11:06:00+00', 22.29, 0.0062, 315770, 1957, 315770, 'completed');
INSERT INTO trip (request_id, driver_id, start_time, end_time, actual_distance_km, exchange_rate_vnd_to_jpy, final_fare_vnd, final_fare_jpy, raw_fare_vnd, status) VALUES (59, 64, '2026-04-04T11:00:00+00', '2026-04-04T11:48:00+00', 16.26, 0.0062, 237380, 1471, 237380, 'completed');
INSERT INTO trip (request_id, driver_id, start_time, end_time, actual_distance_km, exchange_rate_vnd_to_jpy, final_fare_vnd, final_fare_jpy, raw_fare_vnd, status) VALUES (60, 1, '2026-04-04T12:00:00+00', '2026-04-04T13:23:00+00', 27.73, 0.0062, 386490, 2396, 386490, 'completed');
INSERT INTO trip (request_id, driver_id, start_time, end_time, actual_distance_km, exchange_rate_vnd_to_jpy, final_fare_vnd, final_fare_jpy, raw_fare_vnd, status) VALUES (61, 8, '2026-04-04T13:00:00+00', NULL, 10.22, 0.0062, 158860, 984, 158860, 'ongoing');
INSERT INTO trip (request_id, driver_id, start_time, end_time, actual_distance_km, exchange_rate_vnd_to_jpy, final_fare_vnd, final_fare_jpy, raw_fare_vnd, status) VALUES (62, 15, '2026-04-04T14:00:00+00', NULL, 6.46, 0.0062, 109980, 681, 109980, 'ongoing');
INSERT INTO trip (request_id, driver_id, start_time, end_time, actual_distance_km, exchange_rate_vnd_to_jpy, final_fare_vnd, final_fare_jpy, raw_fare_vnd, status) VALUES (63, 22, '2026-04-04T15:00:00+00', NULL, 10.25, 0.0062, 159250, 987, 159250, 'ongoing');
INSERT INTO trip (request_id, driver_id, start_time, end_time, actual_distance_km, exchange_rate_vnd_to_jpy, final_fare_vnd, final_fare_jpy, raw_fare_vnd, status) VALUES (64, 29, '2026-04-04T16:00:00+00', NULL, 23.27, 0.0062, 328510, 2036, 328510, 'ongoing');
INSERT INTO trip (request_id, driver_id, start_time, end_time, actual_distance_km, exchange_rate_vnd_to_jpy, final_fare_vnd, final_fare_jpy, raw_fare_vnd, status) VALUES (65, 36, '2026-04-04T17:00:00+00', NULL, 22.74, 0.0062, 321620, 1994, 321620, 'ongoing');
INSERT INTO trip (request_id, driver_id, start_time, end_time, actual_distance_km, exchange_rate_vnd_to_jpy, final_fare_vnd, final_fare_jpy, raw_fare_vnd, status) VALUES (66, 43, '2026-04-04T18:00:00+00', NULL, 4.54, 0.0062, 85020, 527, 85020, 'ongoing');
INSERT INTO trip (request_id, driver_id, start_time, end_time, actual_distance_km, exchange_rate_vnd_to_jpy, final_fare_vnd, final_fare_jpy, raw_fare_vnd, status) VALUES (67, 50, '2026-04-04T19:00:00+00', NULL, 29.69, 0.0062, 411970, 2554, 411970, 'ongoing');
INSERT INTO trip (request_id, driver_id, start_time, end_time, actual_distance_km, exchange_rate_vnd_to_jpy, final_fare_vnd, final_fare_jpy, raw_fare_vnd, status) VALUES (68, 57, '2026-04-04T20:00:00+00', NULL, 18.74, 0.0062, 269620, 1671, 269620, 'ongoing');
INSERT INTO trip (request_id, driver_id, start_time, end_time, actual_distance_km, exchange_rate_vnd_to_jpy, final_fare_vnd, final_fare_jpy, raw_fare_vnd, status) VALUES (69, 64, '2026-04-04T21:00:00+00', NULL, 19.92, 0.0062, 284960, 1766, 284960, 'ongoing');
INSERT INTO trip (request_id, driver_id, start_time, end_time, actual_distance_km, exchange_rate_vnd_to_jpy, final_fare_vnd, final_fare_jpy, raw_fare_vnd, status) VALUES (70, 1, '2026-04-04T22:00:00+00', NULL, 23.04, 0.0062, 325520, 2018, 325520, 'ongoing');
INSERT INTO trip (request_id, driver_id, start_time, end_time, actual_distance_km, exchange_rate_vnd_to_jpy, final_fare_vnd, final_fare_jpy, raw_fare_vnd, status) VALUES (71, 8, '2026-04-04T23:00:00+00', NULL, 21.19, 0.0062, 301470, 1869, 301470, 'ongoing');
INSERT INTO trip (request_id, driver_id, start_time, end_time, actual_distance_km, exchange_rate_vnd_to_jpy, final_fare_vnd, final_fare_jpy, raw_fare_vnd, status) VALUES (72, 15, '2026-04-05T00:00:00+00', NULL, 25.85, 0.0062, 362050, 2244, 362050, 'ongoing');
INSERT INTO trip (request_id, driver_id, start_time, end_time, actual_distance_km, exchange_rate_vnd_to_jpy, final_fare_vnd, final_fare_jpy, raw_fare_vnd, status) VALUES (73, 22, '2026-04-05T01:00:00+00', NULL, 11.97, 0.0062, 181610, 1125, 181610, 'ongoing');
INSERT INTO trip (request_id, driver_id, start_time, end_time, actual_distance_km, exchange_rate_vnd_to_jpy, final_fare_vnd, final_fare_jpy, raw_fare_vnd, status) VALUES (74, 29, '2026-04-05T02:00:00+00', NULL, 2.55, 0.0062, 59150, 366, 59150, 'ongoing');
INSERT INTO trip (request_id, driver_id, start_time, end_time, actual_distance_km, exchange_rate_vnd_to_jpy, final_fare_vnd, final_fare_jpy, raw_fare_vnd, status) VALUES (75, 36, '2026-04-05T03:00:00+00', NULL, 13.97, 0.0062, 207610, 1287, 207610, 'ongoing');
INSERT INTO trip (request_id, driver_id, start_time, end_time, actual_distance_km, exchange_rate_vnd_to_jpy, final_fare_vnd, final_fare_jpy, raw_fare_vnd, status) VALUES (76, 43, '2026-04-05T04:00:00+00', '2026-04-05T04:05:00+00', 21.05, 0.0062, 299650, 1857, 299650, 'cancelled_by_admin');
INSERT INTO trip (request_id, driver_id, start_time, end_time, actual_distance_km, exchange_rate_vnd_to_jpy, final_fare_vnd, final_fare_jpy, raw_fare_vnd, status) VALUES (77, 50, '2026-04-05T05:00:00+00', '2026-04-05T05:05:00+00', 8.59, 0.0062, 137670, 853, 137670, 'cancelled_by_admin');
INSERT INTO trip (request_id, driver_id, start_time, end_time, actual_distance_km, exchange_rate_vnd_to_jpy, final_fare_vnd, final_fare_jpy, raw_fare_vnd, status) VALUES (78, 57, '2026-04-05T06:00:00+00', '2026-04-05T06:05:00+00', 24.22, 0.0062, 340860, 2113, 340860, 'cancelled_by_admin');
INSERT INTO trip (request_id, driver_id, start_time, end_time, actual_distance_km, exchange_rate_vnd_to_jpy, final_fare_vnd, final_fare_jpy, raw_fare_vnd, status) VALUES (79, 64, '2026-04-05T07:00:00+00', '2026-04-05T07:05:00+00', 19.51, 0.0062, 279630, 1733, 279630, 'cancelled_by_admin');
INSERT INTO trip (request_id, driver_id, start_time, end_time, actual_distance_km, exchange_rate_vnd_to_jpy, final_fare_vnd, final_fare_jpy, raw_fare_vnd, status) VALUES (80, 1, '2026-04-05T08:00:00+00', '2026-04-05T08:05:00+00', 14.22, 0.0062, 210860, 1307, 210860, 'cancelled_by_admin');
INSERT INTO trip (request_id, driver_id, start_time, end_time, actual_distance_km, exchange_rate_vnd_to_jpy, final_fare_vnd, final_fare_jpy, raw_fare_vnd, status) VALUES (81, 8, '2026-04-05T09:00:00+00', '2026-04-05T09:05:00+00', 33.49, 0.0062, 461370, 2860, 461370, 'cancelled_by_admin');
INSERT INTO trip (request_id, driver_id, start_time, end_time, actual_distance_km, exchange_rate_vnd_to_jpy, final_fare_vnd, final_fare_jpy, raw_fare_vnd, status) VALUES (82, 15, '2026-04-05T10:00:00+00', '2026-04-05T10:05:00+00', 20.18, 0.0062, 288340, 1787, 288340, 'cancelled_by_admin');
INSERT INTO trip (request_id, driver_id, start_time, end_time, actual_distance_km, exchange_rate_vnd_to_jpy, final_fare_vnd, final_fare_jpy, raw_fare_vnd, status) VALUES (83, 22, '2026-04-05T11:00:00+00', '2026-04-05T11:05:00+00', 28.06, 0.0062, 390780, 2422, 390780, 'cancelled_by_admin');
INSERT INTO trip (request_id, driver_id, start_time, end_time, actual_distance_km, exchange_rate_vnd_to_jpy, final_fare_vnd, final_fare_jpy, raw_fare_vnd, status) VALUES (84, 29, '2026-04-05T12:00:00+00', '2026-04-05T12:05:00+00', 19.0, 0.0062, 273000, 1692, 273000, 'cancelled_by_admin');
INSERT INTO trip (request_id, driver_id, start_time, end_time, actual_distance_km, exchange_rate_vnd_to_jpy, final_fare_vnd, final_fare_jpy, raw_fare_vnd, status) VALUES (85, 36, '2026-04-05T13:00:00+00', '2026-04-05T13:05:00+00', 3.16, 0.0062, 67080, 415, 67080, 'cancelled_by_admin');
INSERT INTO trip (request_id, driver_id, start_time, end_time, actual_distance_km, exchange_rate_vnd_to_jpy, final_fare_vnd, final_fare_jpy, raw_fare_vnd, status) VALUES (86, 43, '2026-04-05T14:00:00+00', '2026-04-05T14:05:00+00', 30.88, 0.0062, 427440, 2650, 427440, 'cancelled_by_admin');
INSERT INTO trip (request_id, driver_id, start_time, end_time, actual_distance_km, exchange_rate_vnd_to_jpy, final_fare_vnd, final_fare_jpy, raw_fare_vnd, status) VALUES (87, 50, '2026-04-05T15:00:00+00', '2026-04-05T15:05:00+00', 3.91, 0.0062, 76830, 476, 76830, 'cancelled_by_admin');
INSERT INTO trip (request_id, driver_id, start_time, end_time, actual_distance_km, exchange_rate_vnd_to_jpy, final_fare_vnd, final_fare_jpy, raw_fare_vnd, status) VALUES (88, 57, '2026-04-05T16:00:00+00', '2026-04-05T16:05:00+00', 15.07, 0.0062, 221910, 1375, 221910, 'cancelled_by_admin');
INSERT INTO trip (request_id, driver_id, start_time, end_time, actual_distance_km, exchange_rate_vnd_to_jpy, final_fare_vnd, final_fare_jpy, raw_fare_vnd, status) VALUES (89, 64, '2026-04-05T17:00:00+00', '2026-04-05T17:05:00+00', 14.63, 0.0062, 216190, 1340, 216190, 'cancelled_by_admin');
INSERT INTO trip (request_id, driver_id, start_time, end_time, actual_distance_km, exchange_rate_vnd_to_jpy, final_fare_vnd, final_fare_jpy, raw_fare_vnd, status) VALUES (90, 1, '2026-04-05T18:00:00+00', '2026-04-05T18:05:00+00', 26.79, 0.0062, 374270, 2320, 374270, 'cancelled_by_admin');
INSERT INTO trip (request_id, driver_id, start_time, end_time, actual_distance_km, exchange_rate_vnd_to_jpy, final_fare_vnd, final_fare_jpy, raw_fare_vnd, status) VALUES (91, 8, '2026-04-05T19:00:00+00', '2026-04-05T19:05:00+00', 14.11, 0.0062, 209430, 1298, 209430, 'cancelled_by_admin');
INSERT INTO trip (request_id, driver_id, start_time, end_time, actual_distance_km, exchange_rate_vnd_to_jpy, final_fare_vnd, final_fare_jpy, raw_fare_vnd, status) VALUES (92, 15, '2026-04-05T20:00:00+00', '2026-04-05T20:05:00+00', 4.7, 0.0062, 87100, 540, 87100, 'cancelled_by_admin');
INSERT INTO trip (request_id, driver_id, start_time, end_time, actual_distance_km, exchange_rate_vnd_to_jpy, final_fare_vnd, final_fare_jpy, raw_fare_vnd, status) VALUES (93, 22, '2026-04-05T21:00:00+00', '2026-04-05T21:05:00+00', 10.34, 0.0062, 160420, 994, 160420, 'cancelled_by_admin');
INSERT INTO trip (request_id, driver_id, start_time, end_time, actual_distance_km, exchange_rate_vnd_to_jpy, final_fare_vnd, final_fare_jpy, raw_fare_vnd, status) VALUES (94, 29, '2026-04-05T22:00:00+00', '2026-04-05T22:05:00+00', 23.86, 0.0062, 336180, 2084, 336180, 'cancelled_by_admin');
INSERT INTO trip (request_id, driver_id, start_time, end_time, actual_distance_km, exchange_rate_vnd_to_jpy, final_fare_vnd, final_fare_jpy, raw_fare_vnd, status) VALUES (95, 36, '2026-04-05T23:00:00+00', '2026-04-05T23:05:00+00', 5.87, 0.0062, 102310, 634, 102310, 'cancelled_by_admin');
INSERT INTO trip (request_id, driver_id, start_time, end_time, actual_distance_km, exchange_rate_vnd_to_jpy, final_fare_vnd, final_fare_jpy, raw_fare_vnd, status) VALUES (96, 43, '2026-04-06T00:00:00+00', '2026-04-06T00:05:00+00', 21.41, 0.0062, 304330, 1886, 304330, 'cancelled_by_admin');
INSERT INTO trip (request_id, driver_id, start_time, end_time, actual_distance_km, exchange_rate_vnd_to_jpy, final_fare_vnd, final_fare_jpy, raw_fare_vnd, status) VALUES (97, 50, '2026-04-06T01:00:00+00', '2026-04-06T01:05:00+00', 27.09, 0.0062, 378170, 2344, 378170, 'cancelled_by_admin');
INSERT INTO trip (request_id, driver_id, start_time, end_time, actual_distance_km, exchange_rate_vnd_to_jpy, final_fare_vnd, final_fare_jpy, raw_fare_vnd, status) VALUES (98, 57, '2026-04-06T02:00:00+00', '2026-04-06T02:05:00+00', 6.84, 0.0062, 114920, 712, 114920, 'cancelled_by_admin');
INSERT INTO trip (request_id, driver_id, start_time, end_time, actual_distance_km, exchange_rate_vnd_to_jpy, final_fare_vnd, final_fare_jpy, raw_fare_vnd, status) VALUES (99, 64, '2026-04-06T03:00:00+00', '2026-04-06T03:05:00+00', 13.95, 0.0062, 207350, 1285, 207350, 'cancelled_by_admin');
INSERT INTO trip (request_id, driver_id, start_time, end_time, actual_distance_km, exchange_rate_vnd_to_jpy, final_fare_vnd, final_fare_jpy, raw_fare_vnd, status) VALUES (100, 1, '2026-04-06T04:00:00+00', '2026-04-06T04:05:00+00', 13.5, 0.0062, 201500, 1249, 201500, 'cancelled_by_admin');

-- rating
INSERT INTO rating (trip_id, customer_id, score, comment) VALUES (1, 1, 5, 'とても丁寧でした');
INSERT INTO rating (trip_id, customer_id, score, comment) VALUES (2, 2, 3, '普通でした');
INSERT INTO rating (trip_id, customer_id, score, comment) VALUES (3, 3, 5, 'とても丁寧でした');
INSERT INTO rating (trip_id, customer_id, score, comment) VALUES (4, 4, 4, 'とても丁寧でした');
INSERT INTO rating (trip_id, customer_id, score, comment) VALUES (5, 5, 5, 'とても丁寧でした');
INSERT INTO rating (trip_id, customer_id, score, comment) VALUES (6, 6, 4, 'とても丁寧でした');
INSERT INTO rating (trip_id, customer_id, score, comment) VALUES (7, 7, 5, 'とても丁寧でした');
INSERT INTO rating (trip_id, customer_id, score, comment) VALUES (8, 8, 3, '普通でした');
INSERT INTO rating (trip_id, customer_id, score, comment) VALUES (9, 9, 3, '普通でした');
INSERT INTO rating (trip_id, customer_id, score, comment) VALUES (10, 10, 3, '普通でした');
INSERT INTO rating (trip_id, customer_id, score, comment) VALUES (11, 11, 5, 'とても丁寧でした');
INSERT INTO rating (trip_id, customer_id, score, comment) VALUES (12, 12, 4, 'とても丁寧でした');
INSERT INTO rating (trip_id, customer_id, score, comment) VALUES (13, 13, 3, '普通でした');
INSERT INTO rating (trip_id, customer_id, score, comment) VALUES (14, 14, 4, 'とても丁寧でした');
INSERT INTO rating (trip_id, customer_id, score, comment) VALUES (15, 15, 3, '普通でした');
INSERT INTO rating (trip_id, customer_id, score, comment) VALUES (16, 16, 3, '普通でした');
INSERT INTO rating (trip_id, customer_id, score, comment) VALUES (17, 17, 3, '普通でした');
INSERT INTO rating (trip_id, customer_id, score, comment) VALUES (18, 18, 3, '普通でした');
INSERT INTO rating (trip_id, customer_id, score, comment) VALUES (19, 19, 4, 'とても丁寧でした');
INSERT INTO rating (trip_id, customer_id, score, comment) VALUES (20, 20, 4, 'とても丁寧でした');
INSERT INTO rating (trip_id, customer_id, score, comment) VALUES (21, 21, 5, 'とても丁寧でした');
INSERT INTO rating (trip_id, customer_id, score, comment) VALUES (22, 22, 4, 'とても丁寧でした');
INSERT INTO rating (trip_id, customer_id, score, comment) VALUES (23, 23, 5, 'とても丁寧でした');
INSERT INTO rating (trip_id, customer_id, score, comment) VALUES (24, 24, 4, 'とても丁寧でした');
INSERT INTO rating (trip_id, customer_id, score, comment) VALUES (25, 25, 4, 'とても丁寧でした');
INSERT INTO rating (trip_id, customer_id, score, comment) VALUES (26, 26, 3, '普通でした');
INSERT INTO rating (trip_id, customer_id, score, comment) VALUES (27, 27, 5, 'とても丁寧でした');
INSERT INTO rating (trip_id, customer_id, score, comment) VALUES (28, 28, 3, '普通でした');
INSERT INTO rating (trip_id, customer_id, score, comment) VALUES (29, 29, 4, 'とても丁寧でした');
INSERT INTO rating (trip_id, customer_id, score, comment) VALUES (30, 30, 4, 'とても丁寧でした');
INSERT INTO rating (trip_id, customer_id, score, comment) VALUES (31, 31, 3, '普通でした');
INSERT INTO rating (trip_id, customer_id, score, comment) VALUES (32, 32, 5, 'とても丁寧でした');
INSERT INTO rating (trip_id, customer_id, score, comment) VALUES (33, 33, 4, 'とても丁寧でした');
INSERT INTO rating (trip_id, customer_id, score, comment) VALUES (34, 34, 4, 'とても丁寧でした');
INSERT INTO rating (trip_id, customer_id, score, comment) VALUES (35, 35, 3, '普通でした');
INSERT INTO rating (trip_id, customer_id, score, comment) VALUES (36, 36, 4, 'とても丁寧でした');
INSERT INTO rating (trip_id, customer_id, score, comment) VALUES (37, 37, 4, 'とても丁寧でした');
INSERT INTO rating (trip_id, customer_id, score, comment) VALUES (38, 38, 4, 'とても丁寧でした');
INSERT INTO rating (trip_id, customer_id, score, comment) VALUES (39, 39, 5, 'とても丁寧でした');
INSERT INTO rating (trip_id, customer_id, score, comment) VALUES (40, 40, 4, 'とても丁寧でした');
INSERT INTO rating (trip_id, customer_id, score, comment) VALUES (41, 41, 4, 'とても丁寧でした');
INSERT INTO rating (trip_id, customer_id, score, comment) VALUES (42, 42, 4, 'とても丁寧でした');
INSERT INTO rating (trip_id, customer_id, score, comment) VALUES (43, 43, 3, '普通でした');
INSERT INTO rating (trip_id, customer_id, score, comment) VALUES (44, 44, 4, 'とても丁寧でした');
INSERT INTO rating (trip_id, customer_id, score, comment) VALUES (45, 45, 5, 'とても丁寧でした');
INSERT INTO rating (trip_id, customer_id, score, comment) VALUES (46, 46, 4, 'とても丁寧でした');
INSERT INTO rating (trip_id, customer_id, score, comment) VALUES (47, 47, 4, 'とても丁寧でした');
INSERT INTO rating (trip_id, customer_id, score, comment) VALUES (48, 48, 5, 'とても丁寧でした');
INSERT INTO rating (trip_id, customer_id, score, comment) VALUES (49, 49, 4, 'とても丁寧でした');
INSERT INTO rating (trip_id, customer_id, score, comment) VALUES (50, 50, 3, '普通でした');
INSERT INTO rating (trip_id, customer_id, score, comment) VALUES (51, 51, 5, 'とても丁寧でした');
INSERT INTO rating (trip_id, customer_id, score, comment) VALUES (52, 52, 4, 'とても丁寧でした');
INSERT INTO rating (trip_id, customer_id, score, comment) VALUES (53, 53, 3, '普通でした');
INSERT INTO rating (trip_id, customer_id, score, comment) VALUES (54, 54, 4, 'とても丁寧でした');
INSERT INTO rating (trip_id, customer_id, score, comment) VALUES (55, 55, 5, 'とても丁寧でした');
INSERT INTO rating (trip_id, customer_id, score, comment) VALUES (56, 56, 3, '普通でした');
INSERT INTO rating (trip_id, customer_id, score, comment) VALUES (57, 57, 5, 'とても丁寧でした');
INSERT INTO rating (trip_id, customer_id, score, comment) VALUES (58, 58, 4, 'とても丁寧でした');
INSERT INTO rating (trip_id, customer_id, score, comment) VALUES (59, 59, 4, 'とても丁寧でした');
INSERT INTO rating (trip_id, customer_id, score, comment) VALUES (60, 60, 3, '普通でした');
INSERT INTO rating (trip_id, customer_id, score, comment) VALUES (61, 61, 3, '普通でした');
INSERT INTO rating (trip_id, customer_id, score, comment) VALUES (62, 62, 4, 'とても丁寧でした');
INSERT INTO rating (trip_id, customer_id, score, comment) VALUES (63, 63, 5, 'とても丁寧でした');
INSERT INTO rating (trip_id, customer_id, score, comment) VALUES (64, 64, 4, 'とても丁寧でした');
INSERT INTO rating (trip_id, customer_id, score, comment) VALUES (65, 65, 4, 'とても丁寧でした');
INSERT INTO rating (trip_id, customer_id, score, comment) VALUES (66, 66, 4, 'とても丁寧でした');
INSERT INTO rating (trip_id, customer_id, score, comment) VALUES (67, 67, 5, 'とても丁寧でした');
INSERT INTO rating (trip_id, customer_id, score, comment) VALUES (68, 68, 5, 'とても丁寧でした');
INSERT INTO rating (trip_id, customer_id, score, comment) VALUES (69, 69, 4, 'とても丁寧でした');
INSERT INTO rating (trip_id, customer_id, score, comment) VALUES (70, 70, 3, '普通でした');
INSERT INTO rating (trip_id, customer_id, score, comment) VALUES (71, 71, 5, 'とても丁寧でした');
INSERT INTO rating (trip_id, customer_id, score, comment) VALUES (72, 72, 4, 'とても丁寧でした');
INSERT INTO rating (trip_id, customer_id, score, comment) VALUES (73, 73, 4, 'とても丁寧でした');
INSERT INTO rating (trip_id, customer_id, score, comment) VALUES (74, 74, 4, 'とても丁寧でした');
INSERT INTO rating (trip_id, customer_id, score, comment) VALUES (75, 75, 3, '普通でした');
INSERT INTO rating (trip_id, customer_id, score, comment) VALUES (76, 76, 5, 'とても丁寧でした');
INSERT INTO rating (trip_id, customer_id, score, comment) VALUES (77, 77, 4, 'とても丁寧でした');
INSERT INTO rating (trip_id, customer_id, score, comment) VALUES (78, 78, 5, 'とても丁寧でした');
INSERT INTO rating (trip_id, customer_id, score, comment) VALUES (79, 79, 4, 'とても丁寧でした');
INSERT INTO rating (trip_id, customer_id, score, comment) VALUES (80, 80, 4, 'とても丁寧でした');
INSERT INTO rating (trip_id, customer_id, score, comment) VALUES (81, 81, 1, '普通でした');
INSERT INTO rating (trip_id, customer_id, score, comment) VALUES (82, 82, 1, '普通でした');
INSERT INTO rating (trip_id, customer_id, score, comment) VALUES (83, 83, 4, 'とても丁寧でした');
INSERT INTO rating (trip_id, customer_id, score, comment) VALUES (84, 84, 3, '普通でした');
INSERT INTO rating (trip_id, customer_id, score, comment) VALUES (85, 85, 5, 'とても丁寧でした');
INSERT INTO rating (trip_id, customer_id, score, comment) VALUES (86, 86, 2, '普通でした');
INSERT INTO rating (trip_id, customer_id, score, comment) VALUES (87, 87, 1, '普通でした');
INSERT INTO rating (trip_id, customer_id, score, comment) VALUES (88, 88, 2, '普通でした');
INSERT INTO rating (trip_id, customer_id, score, comment) VALUES (89, 89, 5, 'とても丁寧でした');
INSERT INTO rating (trip_id, customer_id, score, comment) VALUES (90, 90, 4, 'とても丁寧でした');
INSERT INTO rating (trip_id, customer_id, score, comment) VALUES (91, 91, 1, '普通でした');
INSERT INTO rating (trip_id, customer_id, score, comment) VALUES (92, 92, 2, '普通でした');
INSERT INTO rating (trip_id, customer_id, score, comment) VALUES (93, 93, 1, '普通でした');
INSERT INTO rating (trip_id, customer_id, score, comment) VALUES (94, 94, 2, '普通でした');
INSERT INTO rating (trip_id, customer_id, score, comment) VALUES (95, 95, 3, '普通でした');
INSERT INTO rating (trip_id, customer_id, score, comment) VALUES (96, 96, 3, '普通でした');
INSERT INTO rating (trip_id, customer_id, score, comment) VALUES (97, 97, 4, 'とても丁寧でした');
INSERT INTO rating (trip_id, customer_id, score, comment) VALUES (98, 98, 5, 'とても丁寧でした');
INSERT INTO rating (trip_id, customer_id, score, comment) VALUES (99, 99, 1, '普通でした');
INSERT INTO rating (trip_id, customer_id, score, comment) VALUES (100, 100, 5, 'とても丁寧でした');

-- payment_transaction
INSERT INTO payment_transaction (trip_id, payment_method, amount_vnd, status, gateway_transaction_id, paid_at) VALUES (1, 'MASTER', 51000, 'success', 'GW-00000001', '2026-04-03T01:00:00+00');
INSERT INTO payment_transaction (trip_id, payment_method, amount_vnd, status, gateway_transaction_id, paid_at) VALUES (2, 'VNPAY', 52000, 'success', 'GW-00000002', '2026-04-03T02:00:00+00');
INSERT INTO payment_transaction (trip_id, payment_method, amount_vnd, status, gateway_transaction_id, paid_at) VALUES (3, 'JCB', 53000, 'success', 'GW-00000003', '2026-04-03T03:00:00+00');
INSERT INTO payment_transaction (trip_id, payment_method, amount_vnd, status, gateway_transaction_id, paid_at) VALUES (4, 'JCB', 54000, 'success', 'GW-00000004', '2026-04-03T04:00:00+00');
INSERT INTO payment_transaction (trip_id, payment_method, amount_vnd, status, gateway_transaction_id, paid_at) VALUES (5, 'VNPAY', 55000, 'success', 'GW-00000005', '2026-04-03T05:00:00+00');
INSERT INTO payment_transaction (trip_id, payment_method, amount_vnd, status, gateway_transaction_id, paid_at) VALUES (6, 'VISA', 56000, 'success', 'GW-00000006', '2026-04-03T06:00:00+00');
INSERT INTO payment_transaction (trip_id, payment_method, amount_vnd, status, gateway_transaction_id, paid_at) VALUES (7, 'MASTER', 57000, 'success', 'GW-00000007', '2026-04-03T07:00:00+00');
INSERT INTO payment_transaction (trip_id, payment_method, amount_vnd, status, gateway_transaction_id, paid_at) VALUES (8, 'JCB', 58000, 'success', 'GW-00000008', '2026-04-03T08:00:00+00');
INSERT INTO payment_transaction (trip_id, payment_method, amount_vnd, status, gateway_transaction_id, paid_at) VALUES (9, 'VNPAY', 59000, 'success', 'GW-00000009', '2026-04-03T09:00:00+00');
INSERT INTO payment_transaction (trip_id, payment_method, amount_vnd, status, gateway_transaction_id, paid_at) VALUES (10, 'JCB', 60000, 'success', 'GW-00000010', '2026-04-03T10:00:00+00');
INSERT INTO payment_transaction (trip_id, payment_method, amount_vnd, status, gateway_transaction_id, paid_at) VALUES (11, 'JCB', 61000, 'success', 'GW-00000011', '2026-04-03T11:00:00+00');
INSERT INTO payment_transaction (trip_id, payment_method, amount_vnd, status, gateway_transaction_id, paid_at) VALUES (12, 'MASTER', 62000, 'success', 'GW-00000012', '2026-04-03T12:00:00+00');
INSERT INTO payment_transaction (trip_id, payment_method, amount_vnd, status, gateway_transaction_id, paid_at) VALUES (13, 'VISA', 63000, 'success', 'GW-00000013', '2026-04-03T13:00:00+00');
INSERT INTO payment_transaction (trip_id, payment_method, amount_vnd, status, gateway_transaction_id, paid_at) VALUES (14, 'VISA', 64000, 'success', 'GW-00000014', '2026-04-03T14:00:00+00');
INSERT INTO payment_transaction (trip_id, payment_method, amount_vnd, status, gateway_transaction_id, paid_at) VALUES (15, 'MASTER', 65000, 'success', 'GW-00000015', '2026-04-03T15:00:00+00');
INSERT INTO payment_transaction (trip_id, payment_method, amount_vnd, status, gateway_transaction_id, paid_at) VALUES (16, 'VNPAY', 66000, 'success', 'GW-00000016', '2026-04-03T16:00:00+00');
INSERT INTO payment_transaction (trip_id, payment_method, amount_vnd, status, gateway_transaction_id, paid_at) VALUES (17, 'VNPAY', 67000, 'success', 'GW-00000017', '2026-04-03T17:00:00+00');
INSERT INTO payment_transaction (trip_id, payment_method, amount_vnd, status, gateway_transaction_id, paid_at) VALUES (18, 'VISA', 68000, 'success', 'GW-00000018', '2026-04-03T18:00:00+00');
INSERT INTO payment_transaction (trip_id, payment_method, amount_vnd, status, gateway_transaction_id, paid_at) VALUES (19, 'JCB', 69000, 'success', 'GW-00000019', '2026-04-03T19:00:00+00');
INSERT INTO payment_transaction (trip_id, payment_method, amount_vnd, status, gateway_transaction_id, paid_at) VALUES (20, 'JCB', 70000, 'success', 'GW-00000020', '2026-04-03T20:00:00+00');
INSERT INTO payment_transaction (trip_id, payment_method, amount_vnd, status, gateway_transaction_id, paid_at) VALUES (21, 'VNPAY', 71000, 'success', 'GW-00000021', '2026-04-03T21:00:00+00');
INSERT INTO payment_transaction (trip_id, payment_method, amount_vnd, status, gateway_transaction_id, paid_at) VALUES (22, 'MASTER', 72000, 'success', 'GW-00000022', '2026-04-03T22:00:00+00');
INSERT INTO payment_transaction (trip_id, payment_method, amount_vnd, status, gateway_transaction_id, paid_at) VALUES (23, 'JCB', 73000, 'success', 'GW-00000023', '2026-04-03T23:00:00+00');
INSERT INTO payment_transaction (trip_id, payment_method, amount_vnd, status, gateway_transaction_id, paid_at) VALUES (24, 'VNPAY', 74000, 'success', 'GW-00000024', '2026-04-04T00:00:00+00');
INSERT INTO payment_transaction (trip_id, payment_method, amount_vnd, status, gateway_transaction_id, paid_at) VALUES (25, 'MASTER', 75000, 'success', 'GW-00000025', '2026-04-04T01:00:00+00');
INSERT INTO payment_transaction (trip_id, payment_method, amount_vnd, status, gateway_transaction_id, paid_at) VALUES (26, 'VISA', 76000, 'success', 'GW-00000026', '2026-04-04T02:00:00+00');
INSERT INTO payment_transaction (trip_id, payment_method, amount_vnd, status, gateway_transaction_id, paid_at) VALUES (27, 'MASTER', 77000, 'success', 'GW-00000027', '2026-04-04T03:00:00+00');
INSERT INTO payment_transaction (trip_id, payment_method, amount_vnd, status, gateway_transaction_id, paid_at) VALUES (28, 'VISA', 78000, 'success', 'GW-00000028', '2026-04-04T04:00:00+00');
INSERT INTO payment_transaction (trip_id, payment_method, amount_vnd, status, gateway_transaction_id, paid_at) VALUES (29, 'VNPAY', 79000, 'success', 'GW-00000029', '2026-04-04T05:00:00+00');
INSERT INTO payment_transaction (trip_id, payment_method, amount_vnd, status, gateway_transaction_id, paid_at) VALUES (30, 'MASTER', 80000, 'success', 'GW-00000030', '2026-04-04T06:00:00+00');
INSERT INTO payment_transaction (trip_id, payment_method, amount_vnd, status, gateway_transaction_id, paid_at) VALUES (31, 'VNPAY', 81000, 'success', 'GW-00000031', '2026-04-04T07:00:00+00');
INSERT INTO payment_transaction (trip_id, payment_method, amount_vnd, status, gateway_transaction_id, paid_at) VALUES (32, 'VISA', 82000, 'success', 'GW-00000032', '2026-04-04T08:00:00+00');
INSERT INTO payment_transaction (trip_id, payment_method, amount_vnd, status, gateway_transaction_id, paid_at) VALUES (33, 'JCB', 83000, 'success', 'GW-00000033', '2026-04-04T09:00:00+00');
INSERT INTO payment_transaction (trip_id, payment_method, amount_vnd, status, gateway_transaction_id, paid_at) VALUES (34, 'JCB', 84000, 'success', 'GW-00000034', '2026-04-04T10:00:00+00');
INSERT INTO payment_transaction (trip_id, payment_method, amount_vnd, status, gateway_transaction_id, paid_at) VALUES (35, 'VISA', 85000, 'success', 'GW-00000035', '2026-04-04T11:00:00+00');
INSERT INTO payment_transaction (trip_id, payment_method, amount_vnd, status, gateway_transaction_id, paid_at) VALUES (36, 'JCB', 86000, 'success', 'GW-00000036', '2026-04-04T12:00:00+00');
INSERT INTO payment_transaction (trip_id, payment_method, amount_vnd, status, gateway_transaction_id, paid_at) VALUES (37, 'JCB', 87000, 'success', 'GW-00000037', '2026-04-04T13:00:00+00');
INSERT INTO payment_transaction (trip_id, payment_method, amount_vnd, status, gateway_transaction_id, paid_at) VALUES (38, 'MASTER', 88000, 'success', 'GW-00000038', '2026-04-04T14:00:00+00');
INSERT INTO payment_transaction (trip_id, payment_method, amount_vnd, status, gateway_transaction_id, paid_at) VALUES (39, 'MASTER', 89000, 'success', 'GW-00000039', '2026-04-04T15:00:00+00');
INSERT INTO payment_transaction (trip_id, payment_method, amount_vnd, status, gateway_transaction_id, paid_at) VALUES (40, 'JCB', 90000, 'success', 'GW-00000040', '2026-04-04T16:00:00+00');
INSERT INTO payment_transaction (trip_id, payment_method, amount_vnd, status, gateway_transaction_id, paid_at) VALUES (41, 'MASTER', 91000, 'success', 'GW-00000041', '2026-04-04T17:00:00+00');
INSERT INTO payment_transaction (trip_id, payment_method, amount_vnd, status, gateway_transaction_id, paid_at) VALUES (42, 'VISA', 92000, 'success', 'GW-00000042', '2026-04-04T18:00:00+00');
INSERT INTO payment_transaction (trip_id, payment_method, amount_vnd, status, gateway_transaction_id, paid_at) VALUES (43, 'MASTER', 93000, 'success', 'GW-00000043', '2026-04-04T19:00:00+00');
INSERT INTO payment_transaction (trip_id, payment_method, amount_vnd, status, gateway_transaction_id, paid_at) VALUES (44, 'MASTER', 94000, 'success', 'GW-00000044', '2026-04-04T20:00:00+00');
INSERT INTO payment_transaction (trip_id, payment_method, amount_vnd, status, gateway_transaction_id, paid_at) VALUES (45, 'MASTER', 95000, 'success', 'GW-00000045', '2026-04-04T21:00:00+00');
INSERT INTO payment_transaction (trip_id, payment_method, amount_vnd, status, gateway_transaction_id, paid_at) VALUES (46, 'VNPAY', 96000, 'success', 'GW-00000046', '2026-04-04T22:00:00+00');
INSERT INTO payment_transaction (trip_id, payment_method, amount_vnd, status, gateway_transaction_id, paid_at) VALUES (47, 'VISA', 97000, 'success', 'GW-00000047', '2026-04-04T23:00:00+00');
INSERT INTO payment_transaction (trip_id, payment_method, amount_vnd, status, gateway_transaction_id, paid_at) VALUES (48, 'JCB', 98000, 'success', 'GW-00000048', '2026-04-05T00:00:00+00');
INSERT INTO payment_transaction (trip_id, payment_method, amount_vnd, status, gateway_transaction_id, paid_at) VALUES (49, 'JCB', 99000, 'success', 'GW-00000049', '2026-04-05T01:00:00+00');
INSERT INTO payment_transaction (trip_id, payment_method, amount_vnd, status, gateway_transaction_id, paid_at) VALUES (50, 'VNPAY', 100000, 'success', 'GW-00000050', '2026-04-05T02:00:00+00');
INSERT INTO payment_transaction (trip_id, payment_method, amount_vnd, status, gateway_transaction_id, paid_at) VALUES (51, 'MASTER', 101000, 'success', 'GW-00000051', '2026-04-05T03:00:00+00');
INSERT INTO payment_transaction (trip_id, payment_method, amount_vnd, status, gateway_transaction_id, paid_at) VALUES (52, 'VISA', 102000, 'success', 'GW-00000052', '2026-04-05T04:00:00+00');
INSERT INTO payment_transaction (trip_id, payment_method, amount_vnd, status, gateway_transaction_id, paid_at) VALUES (53, 'VISA', 103000, 'success', 'GW-00000053', '2026-04-05T05:00:00+00');
INSERT INTO payment_transaction (trip_id, payment_method, amount_vnd, status, gateway_transaction_id, paid_at) VALUES (54, 'JCB', 104000, 'success', 'GW-00000054', '2026-04-05T06:00:00+00');
INSERT INTO payment_transaction (trip_id, payment_method, amount_vnd, status, gateway_transaction_id, paid_at) VALUES (55, 'VNPAY', 105000, 'success', 'GW-00000055', '2026-04-05T07:00:00+00');
INSERT INTO payment_transaction (trip_id, payment_method, amount_vnd, status, gateway_transaction_id, paid_at) VALUES (56, 'VNPAY', 106000, 'success', 'GW-00000056', '2026-04-05T08:00:00+00');
INSERT INTO payment_transaction (trip_id, payment_method, amount_vnd, status, gateway_transaction_id, paid_at) VALUES (57, 'VNPAY', 107000, 'success', 'GW-00000057', '2026-04-05T09:00:00+00');
INSERT INTO payment_transaction (trip_id, payment_method, amount_vnd, status, gateway_transaction_id, paid_at) VALUES (58, 'VNPAY', 108000, 'success', 'GW-00000058', '2026-04-05T10:00:00+00');
INSERT INTO payment_transaction (trip_id, payment_method, amount_vnd, status, gateway_transaction_id, paid_at) VALUES (59, 'VISA', 109000, 'success', 'GW-00000059', '2026-04-05T11:00:00+00');
INSERT INTO payment_transaction (trip_id, payment_method, amount_vnd, status, gateway_transaction_id, paid_at) VALUES (60, 'MASTER', 110000, 'success', 'GW-00000060', '2026-04-05T12:00:00+00');
INSERT INTO payment_transaction (trip_id, payment_method, amount_vnd, status, gateway_transaction_id, paid_at) VALUES (61, 'JCB', 111000, 'success', 'GW-00000061', '2026-04-05T13:00:00+00');
INSERT INTO payment_transaction (trip_id, payment_method, amount_vnd, status, gateway_transaction_id, paid_at) VALUES (62, 'VISA', 112000, 'success', 'GW-00000062', '2026-04-05T14:00:00+00');
INSERT INTO payment_transaction (trip_id, payment_method, amount_vnd, status, gateway_transaction_id, paid_at) VALUES (63, 'VNPAY', 113000, 'success', 'GW-00000063', '2026-04-05T15:00:00+00');
INSERT INTO payment_transaction (trip_id, payment_method, amount_vnd, status, gateway_transaction_id, paid_at) VALUES (64, 'VNPAY', 114000, 'success', 'GW-00000064', '2026-04-05T16:00:00+00');
INSERT INTO payment_transaction (trip_id, payment_method, amount_vnd, status, gateway_transaction_id, paid_at) VALUES (65, 'JCB', 115000, 'success', 'GW-00000065', '2026-04-05T17:00:00+00');
INSERT INTO payment_transaction (trip_id, payment_method, amount_vnd, status, gateway_transaction_id, paid_at) VALUES (66, 'MASTER', 116000, 'success', 'GW-00000066', '2026-04-05T18:00:00+00');
INSERT INTO payment_transaction (trip_id, payment_method, amount_vnd, status, gateway_transaction_id, paid_at) VALUES (67, 'MASTER', 117000, 'success', 'GW-00000067', '2026-04-05T19:00:00+00');
INSERT INTO payment_transaction (trip_id, payment_method, amount_vnd, status, gateway_transaction_id, paid_at) VALUES (68, 'MASTER', 118000, 'success', 'GW-00000068', '2026-04-05T20:00:00+00');
INSERT INTO payment_transaction (trip_id, payment_method, amount_vnd, status, gateway_transaction_id, paid_at) VALUES (69, 'VNPAY', 119000, 'success', 'GW-00000069', '2026-04-05T21:00:00+00');
INSERT INTO payment_transaction (trip_id, payment_method, amount_vnd, status, gateway_transaction_id, paid_at) VALUES (70, 'VISA', 120000, 'success', 'GW-00000070', '2026-04-05T22:00:00+00');
INSERT INTO payment_transaction (trip_id, payment_method, amount_vnd, status, gateway_transaction_id, paid_at) VALUES (71, 'VISA', 121000, 'pending', 'GW-00000071', NULL);
INSERT INTO payment_transaction (trip_id, payment_method, amount_vnd, status, gateway_transaction_id, paid_at) VALUES (72, 'MASTER', 122000, 'pending', 'GW-00000072', NULL);
INSERT INTO payment_transaction (trip_id, payment_method, amount_vnd, status, gateway_transaction_id, paid_at) VALUES (73, 'JCB', 123000, 'pending', 'GW-00000073', NULL);
INSERT INTO payment_transaction (trip_id, payment_method, amount_vnd, status, gateway_transaction_id, paid_at) VALUES (74, 'MASTER', 124000, 'pending', 'GW-00000074', NULL);
INSERT INTO payment_transaction (trip_id, payment_method, amount_vnd, status, gateway_transaction_id, paid_at) VALUES (75, 'MASTER', 125000, 'pending', 'GW-00000075', NULL);
INSERT INTO payment_transaction (trip_id, payment_method, amount_vnd, status, gateway_transaction_id, paid_at) VALUES (76, 'JCB', 126000, 'pending', 'GW-00000076', NULL);
INSERT INTO payment_transaction (trip_id, payment_method, amount_vnd, status, gateway_transaction_id, paid_at) VALUES (77, 'MASTER', 127000, 'pending', 'GW-00000077', NULL);
INSERT INTO payment_transaction (trip_id, payment_method, amount_vnd, status, gateway_transaction_id, paid_at) VALUES (78, 'JCB', 128000, 'pending', 'GW-00000078', NULL);
INSERT INTO payment_transaction (trip_id, payment_method, amount_vnd, status, gateway_transaction_id, paid_at) VALUES (79, 'JCB', 129000, 'pending', 'GW-00000079', NULL);
INSERT INTO payment_transaction (trip_id, payment_method, amount_vnd, status, gateway_transaction_id, paid_at) VALUES (80, 'VISA', 130000, 'pending', 'GW-00000080', NULL);
INSERT INTO payment_transaction (trip_id, payment_method, amount_vnd, status, gateway_transaction_id, paid_at) VALUES (81, 'JCB', 131000, 'pending', 'GW-00000081', NULL);
INSERT INTO payment_transaction (trip_id, payment_method, amount_vnd, status, gateway_transaction_id, paid_at) VALUES (82, 'MASTER', 132000, 'pending', 'GW-00000082', NULL);
INSERT INTO payment_transaction (trip_id, payment_method, amount_vnd, status, gateway_transaction_id, paid_at) VALUES (83, 'JCB', 133000, 'pending', 'GW-00000083', NULL);
INSERT INTO payment_transaction (trip_id, payment_method, amount_vnd, status, gateway_transaction_id, paid_at) VALUES (84, 'MASTER', 134000, 'pending', 'GW-00000084', NULL);
INSERT INTO payment_transaction (trip_id, payment_method, amount_vnd, status, gateway_transaction_id, paid_at) VALUES (85, 'JCB', 135000, 'pending', 'GW-00000085', NULL);
INSERT INTO payment_transaction (trip_id, payment_method, amount_vnd, status, gateway_transaction_id, paid_at) VALUES (86, 'VISA', 136000, 'failed', 'GW-00000086', NULL);
INSERT INTO payment_transaction (trip_id, payment_method, amount_vnd, status, gateway_transaction_id, paid_at) VALUES (87, 'MASTER', 137000, 'failed', 'GW-00000087', NULL);
INSERT INTO payment_transaction (trip_id, payment_method, amount_vnd, status, gateway_transaction_id, paid_at) VALUES (88, 'MASTER', 138000, 'failed', 'GW-00000088', NULL);
INSERT INTO payment_transaction (trip_id, payment_method, amount_vnd, status, gateway_transaction_id, paid_at) VALUES (89, 'MASTER', 139000, 'failed', 'GW-00000089', NULL);
INSERT INTO payment_transaction (trip_id, payment_method, amount_vnd, status, gateway_transaction_id, paid_at) VALUES (90, 'JCB', 140000, 'failed', 'GW-00000090', NULL);
INSERT INTO payment_transaction (trip_id, payment_method, amount_vnd, status, gateway_transaction_id, paid_at) VALUES (91, 'VISA', 141000, 'failed', 'GW-00000091', NULL);
INSERT INTO payment_transaction (trip_id, payment_method, amount_vnd, status, gateway_transaction_id, paid_at) VALUES (92, 'VISA', 142000, 'failed', 'GW-00000092', NULL);
INSERT INTO payment_transaction (trip_id, payment_method, amount_vnd, status, gateway_transaction_id, paid_at) VALUES (93, 'VISA', 143000, 'failed', 'GW-00000093', NULL);
INSERT INTO payment_transaction (trip_id, payment_method, amount_vnd, status, gateway_transaction_id, paid_at) VALUES (94, 'VISA', 144000, 'failed', 'GW-00000094', NULL);
INSERT INTO payment_transaction (trip_id, payment_method, amount_vnd, status, gateway_transaction_id, paid_at) VALUES (95, 'JCB', 145000, 'failed', 'GW-00000095', NULL);
INSERT INTO payment_transaction (trip_id, payment_method, amount_vnd, status, gateway_transaction_id, paid_at) VALUES (96, 'MASTER', 146000, 'failed', 'GW-00000096', NULL);
INSERT INTO payment_transaction (trip_id, payment_method, amount_vnd, status, gateway_transaction_id, paid_at) VALUES (97, 'VNPAY', 147000, 'failed', 'GW-00000097', NULL);
INSERT INTO payment_transaction (trip_id, payment_method, amount_vnd, status, gateway_transaction_id, paid_at) VALUES (98, 'VISA', 148000, 'failed', 'GW-00000098', NULL);
INSERT INTO payment_transaction (trip_id, payment_method, amount_vnd, status, gateway_transaction_id, paid_at) VALUES (99, 'VNPAY', 149000, 'failed', 'GW-00000099', NULL);
INSERT INTO payment_transaction (trip_id, payment_method, amount_vnd, status, gateway_transaction_id, paid_at) VALUES (100, 'JCB', 150000, 'failed', 'GW-00000100', NULL);

-- driver_payout
INSERT INTO driver_payout (trip_id, driver_id, amount_vnd, status, bank_account_id, processed_at) VALUES (1, 8, 43350, 'processed', 8, '2026-04-05T01:00:00+00');
INSERT INTO driver_payout (trip_id, driver_id, amount_vnd, status, bank_account_id, processed_at) VALUES (2, 15, 44200, 'processed', 15, '2026-04-05T02:00:00+00');
INSERT INTO driver_payout (trip_id, driver_id, amount_vnd, status, bank_account_id, processed_at) VALUES (3, 22, 45050, 'processed', 22, '2026-04-05T03:00:00+00');
INSERT INTO driver_payout (trip_id, driver_id, amount_vnd, status, bank_account_id, processed_at) VALUES (4, 29, 45900, 'processed', 29, '2026-04-05T04:00:00+00');
INSERT INTO driver_payout (trip_id, driver_id, amount_vnd, status, bank_account_id, processed_at) VALUES (5, 36, 46750, 'processed', 36, '2026-04-05T05:00:00+00');
INSERT INTO driver_payout (trip_id, driver_id, amount_vnd, status, bank_account_id, processed_at) VALUES (6, 43, 47600, 'processed', 43, '2026-04-05T06:00:00+00');
INSERT INTO driver_payout (trip_id, driver_id, amount_vnd, status, bank_account_id, processed_at) VALUES (7, 50, 48450, 'processed', 50, '2026-04-05T07:00:00+00');
INSERT INTO driver_payout (trip_id, driver_id, amount_vnd, status, bank_account_id, processed_at) VALUES (8, 57, 49300, 'processed', 57, '2026-04-05T08:00:00+00');
INSERT INTO driver_payout (trip_id, driver_id, amount_vnd, status, bank_account_id, processed_at) VALUES (9, 64, 50150, 'processed', 64, '2026-04-05T09:00:00+00');
INSERT INTO driver_payout (trip_id, driver_id, amount_vnd, status, bank_account_id, processed_at) VALUES (10, 1, 51000, 'processed', 1, '2026-04-05T10:00:00+00');
INSERT INTO driver_payout (trip_id, driver_id, amount_vnd, status, bank_account_id, processed_at) VALUES (11, 8, 51850, 'processed', 8, '2026-04-05T11:00:00+00');
INSERT INTO driver_payout (trip_id, driver_id, amount_vnd, status, bank_account_id, processed_at) VALUES (12, 15, 52700, 'processed', 15, '2026-04-05T12:00:00+00');
INSERT INTO driver_payout (trip_id, driver_id, amount_vnd, status, bank_account_id, processed_at) VALUES (13, 22, 53550, 'processed', 22, '2026-04-05T13:00:00+00');
INSERT INTO driver_payout (trip_id, driver_id, amount_vnd, status, bank_account_id, processed_at) VALUES (14, 29, 54400, 'processed', 29, '2026-04-05T14:00:00+00');
INSERT INTO driver_payout (trip_id, driver_id, amount_vnd, status, bank_account_id, processed_at) VALUES (15, 36, 55250, 'processed', 36, '2026-04-05T15:00:00+00');
INSERT INTO driver_payout (trip_id, driver_id, amount_vnd, status, bank_account_id, processed_at) VALUES (16, 43, 56100, 'processed', 43, '2026-04-05T16:00:00+00');
INSERT INTO driver_payout (trip_id, driver_id, amount_vnd, status, bank_account_id, processed_at) VALUES (17, 50, 56950, 'processed', 50, '2026-04-05T17:00:00+00');
INSERT INTO driver_payout (trip_id, driver_id, amount_vnd, status, bank_account_id, processed_at) VALUES (18, 57, 57800, 'processed', 57, '2026-04-05T18:00:00+00');
INSERT INTO driver_payout (trip_id, driver_id, amount_vnd, status, bank_account_id, processed_at) VALUES (19, 64, 58650, 'processed', 64, '2026-04-05T19:00:00+00');
INSERT INTO driver_payout (trip_id, driver_id, amount_vnd, status, bank_account_id, processed_at) VALUES (20, 1, 59500, 'processed', 1, '2026-04-05T20:00:00+00');
INSERT INTO driver_payout (trip_id, driver_id, amount_vnd, status, bank_account_id, processed_at) VALUES (21, 8, 60350, 'processed', 8, '2026-04-05T21:00:00+00');
INSERT INTO driver_payout (trip_id, driver_id, amount_vnd, status, bank_account_id, processed_at) VALUES (22, 15, 61200, 'processed', 15, '2026-04-05T22:00:00+00');
INSERT INTO driver_payout (trip_id, driver_id, amount_vnd, status, bank_account_id, processed_at) VALUES (23, 22, 62050, 'processed', 22, '2026-04-05T23:00:00+00');
INSERT INTO driver_payout (trip_id, driver_id, amount_vnd, status, bank_account_id, processed_at) VALUES (24, 29, 62900, 'processed', 29, '2026-04-06T00:00:00+00');
INSERT INTO driver_payout (trip_id, driver_id, amount_vnd, status, bank_account_id, processed_at) VALUES (25, 36, 63750, 'processed', 36, '2026-04-06T01:00:00+00');
INSERT INTO driver_payout (trip_id, driver_id, amount_vnd, status, bank_account_id, processed_at) VALUES (26, 43, 64600, 'processed', 43, '2026-04-06T02:00:00+00');
INSERT INTO driver_payout (trip_id, driver_id, amount_vnd, status, bank_account_id, processed_at) VALUES (27, 50, 65450, 'processed', 50, '2026-04-06T03:00:00+00');
INSERT INTO driver_payout (trip_id, driver_id, amount_vnd, status, bank_account_id, processed_at) VALUES (28, 57, 66300, 'processed', 57, '2026-04-06T04:00:00+00');
INSERT INTO driver_payout (trip_id, driver_id, amount_vnd, status, bank_account_id, processed_at) VALUES (29, 64, 67150, 'processed', 64, '2026-04-06T05:00:00+00');
INSERT INTO driver_payout (trip_id, driver_id, amount_vnd, status, bank_account_id, processed_at) VALUES (30, 1, 68000, 'processed', 1, '2026-04-06T06:00:00+00');
INSERT INTO driver_payout (trip_id, driver_id, amount_vnd, status, bank_account_id, processed_at) VALUES (31, 8, 68850, 'processed', 8, '2026-04-06T07:00:00+00');
INSERT INTO driver_payout (trip_id, driver_id, amount_vnd, status, bank_account_id, processed_at) VALUES (32, 15, 69700, 'processed', 15, '2026-04-06T08:00:00+00');
INSERT INTO driver_payout (trip_id, driver_id, amount_vnd, status, bank_account_id, processed_at) VALUES (33, 22, 70550, 'processed', 22, '2026-04-06T09:00:00+00');
INSERT INTO driver_payout (trip_id, driver_id, amount_vnd, status, bank_account_id, processed_at) VALUES (34, 29, 71400, 'processed', 29, '2026-04-06T10:00:00+00');
INSERT INTO driver_payout (trip_id, driver_id, amount_vnd, status, bank_account_id, processed_at) VALUES (35, 36, 72250, 'processed', 36, '2026-04-06T11:00:00+00');
INSERT INTO driver_payout (trip_id, driver_id, amount_vnd, status, bank_account_id, processed_at) VALUES (36, 43, 73100, 'processed', 43, '2026-04-06T12:00:00+00');
INSERT INTO driver_payout (trip_id, driver_id, amount_vnd, status, bank_account_id, processed_at) VALUES (37, 50, 73950, 'processed', 50, '2026-04-06T13:00:00+00');
INSERT INTO driver_payout (trip_id, driver_id, amount_vnd, status, bank_account_id, processed_at) VALUES (38, 57, 74800, 'processed', 57, '2026-04-06T14:00:00+00');
INSERT INTO driver_payout (trip_id, driver_id, amount_vnd, status, bank_account_id, processed_at) VALUES (39, 64, 75650, 'processed', 64, '2026-04-06T15:00:00+00');
INSERT INTO driver_payout (trip_id, driver_id, amount_vnd, status, bank_account_id, processed_at) VALUES (40, 1, 76500, 'processed', 1, '2026-04-06T16:00:00+00');
INSERT INTO driver_payout (trip_id, driver_id, amount_vnd, status, bank_account_id, processed_at) VALUES (41, 8, 77350, 'processed', 8, '2026-04-06T17:00:00+00');
INSERT INTO driver_payout (trip_id, driver_id, amount_vnd, status, bank_account_id, processed_at) VALUES (42, 15, 78200, 'processed', 15, '2026-04-06T18:00:00+00');
INSERT INTO driver_payout (trip_id, driver_id, amount_vnd, status, bank_account_id, processed_at) VALUES (43, 22, 79050, 'processed', 22, '2026-04-06T19:00:00+00');
INSERT INTO driver_payout (trip_id, driver_id, amount_vnd, status, bank_account_id, processed_at) VALUES (44, 29, 79900, 'processed', 29, '2026-04-06T20:00:00+00');
INSERT INTO driver_payout (trip_id, driver_id, amount_vnd, status, bank_account_id, processed_at) VALUES (45, 36, 80750, 'processed', 36, '2026-04-06T21:00:00+00');
INSERT INTO driver_payout (trip_id, driver_id, amount_vnd, status, bank_account_id, processed_at) VALUES (46, 43, 81600, 'processed', 43, '2026-04-06T22:00:00+00');
INSERT INTO driver_payout (trip_id, driver_id, amount_vnd, status, bank_account_id, processed_at) VALUES (47, 50, 82450, 'processed', 50, '2026-04-06T23:00:00+00');
INSERT INTO driver_payout (trip_id, driver_id, amount_vnd, status, bank_account_id, processed_at) VALUES (48, 57, 83300, 'processed', 57, '2026-04-07T00:00:00+00');
INSERT INTO driver_payout (trip_id, driver_id, amount_vnd, status, bank_account_id, processed_at) VALUES (49, 64, 84150, 'processed', 64, '2026-04-07T01:00:00+00');
INSERT INTO driver_payout (trip_id, driver_id, amount_vnd, status, bank_account_id, processed_at) VALUES (50, 1, 85000, 'processed', 1, '2026-04-07T02:00:00+00');
INSERT INTO driver_payout (trip_id, driver_id, amount_vnd, status, bank_account_id, processed_at) VALUES (51, 8, 85850, 'processed', 8, '2026-04-07T03:00:00+00');
INSERT INTO driver_payout (trip_id, driver_id, amount_vnd, status, bank_account_id, processed_at) VALUES (52, 15, 86700, 'processed', 15, '2026-04-07T04:00:00+00');
INSERT INTO driver_payout (trip_id, driver_id, amount_vnd, status, bank_account_id, processed_at) VALUES (53, 22, 87550, 'processed', 22, '2026-04-07T05:00:00+00');
INSERT INTO driver_payout (trip_id, driver_id, amount_vnd, status, bank_account_id, processed_at) VALUES (54, 29, 88400, 'processed', 29, '2026-04-07T06:00:00+00');
INSERT INTO driver_payout (trip_id, driver_id, amount_vnd, status, bank_account_id, processed_at) VALUES (55, 36, 89250, 'processed', 36, '2026-04-07T07:00:00+00');
INSERT INTO driver_payout (trip_id, driver_id, amount_vnd, status, bank_account_id, processed_at) VALUES (56, 43, 90100, 'processed', 43, '2026-04-07T08:00:00+00');
INSERT INTO driver_payout (trip_id, driver_id, amount_vnd, status, bank_account_id, processed_at) VALUES (57, 50, 90950, 'processed', 50, '2026-04-07T09:00:00+00');
INSERT INTO driver_payout (trip_id, driver_id, amount_vnd, status, bank_account_id, processed_at) VALUES (58, 57, 91800, 'processed', 57, '2026-04-07T10:00:00+00');
INSERT INTO driver_payout (trip_id, driver_id, amount_vnd, status, bank_account_id, processed_at) VALUES (59, 64, 92650, 'processed', 64, '2026-04-07T11:00:00+00');
INSERT INTO driver_payout (trip_id, driver_id, amount_vnd, status, bank_account_id, processed_at) VALUES (60, 1, 93500, 'processed', 1, '2026-04-07T12:00:00+00');
INSERT INTO driver_payout (trip_id, driver_id, amount_vnd, status, bank_account_id, processed_at) VALUES (61, 8, 94350, 'processed', 8, '2026-04-07T13:00:00+00');
INSERT INTO driver_payout (trip_id, driver_id, amount_vnd, status, bank_account_id, processed_at) VALUES (62, 15, 95200, 'processed', 15, '2026-04-07T14:00:00+00');
INSERT INTO driver_payout (trip_id, driver_id, amount_vnd, status, bank_account_id, processed_at) VALUES (63, 22, 96050, 'processed', 22, '2026-04-07T15:00:00+00');
INSERT INTO driver_payout (trip_id, driver_id, amount_vnd, status, bank_account_id, processed_at) VALUES (64, 29, 96900, 'processed', 29, '2026-04-07T16:00:00+00');
INSERT INTO driver_payout (trip_id, driver_id, amount_vnd, status, bank_account_id, processed_at) VALUES (65, 36, 97750, 'processed', 36, '2026-04-07T17:00:00+00');
INSERT INTO driver_payout (trip_id, driver_id, amount_vnd, status, bank_account_id, processed_at) VALUES (66, 43, 98600, 'pending', 43, NULL);
INSERT INTO driver_payout (trip_id, driver_id, amount_vnd, status, bank_account_id, processed_at) VALUES (67, 50, 99450, 'pending', 50, NULL);
INSERT INTO driver_payout (trip_id, driver_id, amount_vnd, status, bank_account_id, processed_at) VALUES (68, 57, 100300, 'pending', 57, NULL);
INSERT INTO driver_payout (trip_id, driver_id, amount_vnd, status, bank_account_id, processed_at) VALUES (69, 64, 101150, 'pending', 64, NULL);
INSERT INTO driver_payout (trip_id, driver_id, amount_vnd, status, bank_account_id, processed_at) VALUES (70, 1, 102000, 'pending', 1, NULL);
INSERT INTO driver_payout (trip_id, driver_id, amount_vnd, status, bank_account_id, processed_at) VALUES (71, 8, 102850, 'pending', 8, NULL);
INSERT INTO driver_payout (trip_id, driver_id, amount_vnd, status, bank_account_id, processed_at) VALUES (72, 15, 103700, 'pending', 15, NULL);
INSERT INTO driver_payout (trip_id, driver_id, amount_vnd, status, bank_account_id, processed_at) VALUES (73, 22, 104550, 'pending', 22, NULL);
INSERT INTO driver_payout (trip_id, driver_id, amount_vnd, status, bank_account_id, processed_at) VALUES (74, 29, 105400, 'pending', 29, NULL);
INSERT INTO driver_payout (trip_id, driver_id, amount_vnd, status, bank_account_id, processed_at) VALUES (75, 36, 106250, 'pending', 36, NULL);
INSERT INTO driver_payout (trip_id, driver_id, amount_vnd, status, bank_account_id, processed_at) VALUES (76, 43, 107100, 'pending', 43, NULL);
INSERT INTO driver_payout (trip_id, driver_id, amount_vnd, status, bank_account_id, processed_at) VALUES (77, 50, 107950, 'pending', 50, NULL);
INSERT INTO driver_payout (trip_id, driver_id, amount_vnd, status, bank_account_id, processed_at) VALUES (78, 57, 108800, 'pending', 57, NULL);
INSERT INTO driver_payout (trip_id, driver_id, amount_vnd, status, bank_account_id, processed_at) VALUES (79, 64, 109650, 'pending', 64, NULL);
INSERT INTO driver_payout (trip_id, driver_id, amount_vnd, status, bank_account_id, processed_at) VALUES (80, 1, 110500, 'pending', 1, NULL);
INSERT INTO driver_payout (trip_id, driver_id, amount_vnd, status, bank_account_id, processed_at) VALUES (81, 8, 111350, 'pending', 8, NULL);
INSERT INTO driver_payout (trip_id, driver_id, amount_vnd, status, bank_account_id, processed_at) VALUES (82, 15, 112200, 'pending', 15, NULL);
INSERT INTO driver_payout (trip_id, driver_id, amount_vnd, status, bank_account_id, processed_at) VALUES (83, 22, 113050, 'pending', 22, NULL);
INSERT INTO driver_payout (trip_id, driver_id, amount_vnd, status, bank_account_id, processed_at) VALUES (84, 29, 113900, 'pending', 29, NULL);
INSERT INTO driver_payout (trip_id, driver_id, amount_vnd, status, bank_account_id, processed_at) VALUES (85, 36, 114750, 'pending', 36, NULL);
INSERT INTO driver_payout (trip_id, driver_id, amount_vnd, status, bank_account_id, processed_at) VALUES (86, 43, 115600, 'failed', 43, NULL);
INSERT INTO driver_payout (trip_id, driver_id, amount_vnd, status, bank_account_id, processed_at) VALUES (87, 50, 116450, 'failed', 50, NULL);
INSERT INTO driver_payout (trip_id, driver_id, amount_vnd, status, bank_account_id, processed_at) VALUES (88, 57, 117300, 'failed', 57, NULL);
INSERT INTO driver_payout (trip_id, driver_id, amount_vnd, status, bank_account_id, processed_at) VALUES (89, 64, 118150, 'failed', 64, NULL);
INSERT INTO driver_payout (trip_id, driver_id, amount_vnd, status, bank_account_id, processed_at) VALUES (90, 1, 119000, 'failed', 1, NULL);
INSERT INTO driver_payout (trip_id, driver_id, amount_vnd, status, bank_account_id, processed_at) VALUES (91, 8, 119850, 'failed', 8, NULL);
INSERT INTO driver_payout (trip_id, driver_id, amount_vnd, status, bank_account_id, processed_at) VALUES (92, 15, 120700, 'failed', 15, NULL);
INSERT INTO driver_payout (trip_id, driver_id, amount_vnd, status, bank_account_id, processed_at) VALUES (93, 22, 121550, 'failed', 22, NULL);
INSERT INTO driver_payout (trip_id, driver_id, amount_vnd, status, bank_account_id, processed_at) VALUES (94, 29, 122400, 'failed', 29, NULL);
INSERT INTO driver_payout (trip_id, driver_id, amount_vnd, status, bank_account_id, processed_at) VALUES (95, 36, 123250, 'failed', 36, NULL);
INSERT INTO driver_payout (trip_id, driver_id, amount_vnd, status, bank_account_id, processed_at) VALUES (96, 43, 124100, 'failed', 43, NULL);
INSERT INTO driver_payout (trip_id, driver_id, amount_vnd, status, bank_account_id, processed_at) VALUES (97, 50, 124950, 'failed', 50, NULL);
INSERT INTO driver_payout (trip_id, driver_id, amount_vnd, status, bank_account_id, processed_at) VALUES (98, 57, 125800, 'failed', 57, NULL);
INSERT INTO driver_payout (trip_id, driver_id, amount_vnd, status, bank_account_id, processed_at) VALUES (99, 64, 126650, 'failed', 64, NULL);
INSERT INTO driver_payout (trip_id, driver_id, amount_vnd, status, bank_account_id, processed_at) VALUES (100, 1, 127500, 'failed', 1, NULL);

-- driver_location_history
INSERT INTO driver_location_history (driver_id, latitude, longitude, recorded_at) VALUES (1, 21.03701444, 105.84232565, '2026-05-15T06:43:42.047090+00');
INSERT INTO driver_location_history (driver_id, latitude, longitude, recorded_at) VALUES (2, 21.01319267, 105.87264096, '2026-05-15T06:42:42.047243+00');
INSERT INTO driver_location_history (driver_id, latitude, longitude, recorded_at) VALUES (3, 21.02286555, 105.85141265, '2026-05-15T06:41:42.047252+00');
INSERT INTO driver_location_history (driver_id, latitude, longitude, recorded_at) VALUES (4, 21.03981681, 105.83368483, '2026-05-15T06:40:42.047259+00');
INSERT INTO driver_location_history (driver_id, latitude, longitude, recorded_at) VALUES (5, 21.02343730, 105.85206653, '2026-05-15T06:39:42.047266+00');
INSERT INTO driver_location_history (driver_id, latitude, longitude, recorded_at) VALUES (6, 21.01891155, 105.83282012, '2026-05-15T06:38:42.047273+00');
INSERT INTO driver_location_history (driver_id, latitude, longitude, recorded_at) VALUES (7, 21.05018910, 105.84335898, '2026-05-15T06:37:42.047279+00');
INSERT INTO driver_location_history (driver_id, latitude, longitude, recorded_at) VALUES (8, 21.05778140, 105.84492223, '2026-05-15T06:36:42.047286+00');
INSERT INTO driver_location_history (driver_id, latitude, longitude, recorded_at) VALUES (9, 21.02242300, 105.86983990, '2026-05-15T06:35:42.047292+00');
INSERT INTO driver_location_history (driver_id, latitude, longitude, recorded_at) VALUES (10, 21.02939881, 105.83057104, '2026-05-15T06:34:42.047298+00');
INSERT INTO driver_location_history (driver_id, latitude, longitude, recorded_at) VALUES (11, 21.01300427, 105.83155131, '2026-05-15T06:33:42.047305+00');
INSERT INTO driver_location_history (driver_id, latitude, longitude, recorded_at) VALUES (12, 21.02547576, 105.83265266, '2026-05-15T06:32:42.047311+00');
INSERT INTO driver_location_history (driver_id, latitude, longitude, recorded_at) VALUES (13, 21.00153632, 105.88092309, '2026-05-15T06:31:42.047317+00');
INSERT INTO driver_location_history (driver_id, latitude, longitude, recorded_at) VALUES (14, 21.05034983, 105.84928808, '2026-05-15T06:30:42.047326+00');
INSERT INTO driver_location_history (driver_id, latitude, longitude, recorded_at) VALUES (15, 21.05626115, 105.87833865, '2026-05-15T06:29:42.047332+00');
INSERT INTO driver_location_history (driver_id, latitude, longitude, recorded_at) VALUES (16, 21.04730867, 105.88022509, '2026-05-15T06:28:42.047338+00');
INSERT INTO driver_location_history (driver_id, latitude, longitude, recorded_at) VALUES (17, 21.04176771, 105.83559005, '2026-05-15T06:27:42.047345+00');
INSERT INTO driver_location_history (driver_id, latitude, longitude, recorded_at) VALUES (18, 21.00806054, 105.88395816, '2026-05-15T06:26:42.047351+00');
INSERT INTO driver_location_history (driver_id, latitude, longitude, recorded_at) VALUES (19, 21.02650891, 105.87694454, '2026-05-15T06:25:42.047357+00');
INSERT INTO driver_location_history (driver_id, latitude, longitude, recorded_at) VALUES (20, 21.02834222, 105.82960295, '2026-05-15T06:24:42.047364+00');
INSERT INTO driver_location_history (driver_id, latitude, longitude, recorded_at) VALUES (21, 21.02209453, 105.85163384, '2026-05-15T06:23:42.047370+00');
INSERT INTO driver_location_history (driver_id, latitude, longitude, recorded_at) VALUES (22, 21.01294372, 105.85920065, '2026-05-15T06:22:42.047376+00');
INSERT INTO driver_location_history (driver_id, latitude, longitude, recorded_at) VALUES (23, 21.00141949, 105.84108138, '2026-05-15T06:21:42.047382+00');
INSERT INTO driver_location_history (driver_id, latitude, longitude, recorded_at) VALUES (24, 21.03435113, 105.87477098, '2026-05-15T06:20:42.047389+00');
INSERT INTO driver_location_history (driver_id, latitude, longitude, recorded_at) VALUES (25, 21.03885124, 105.84134490, '2026-05-15T06:44:42.047395+00');
INSERT INTO driver_location_history (driver_id, latitude, longitude, recorded_at) VALUES (26, 20.99899064, 105.83064983, '2026-05-15T06:43:42.047401+00');
INSERT INTO driver_location_history (driver_id, latitude, longitude, recorded_at) VALUES (27, 21.00653610, 105.84006837, '2026-05-15T06:42:42.047407+00');
INSERT INTO driver_location_history (driver_id, latitude, longitude, recorded_at) VALUES (28, 21.02044666, 105.84839524, '2026-05-15T06:41:42.047414+00');
INSERT INTO driver_location_history (driver_id, latitude, longitude, recorded_at) VALUES (29, 21.00121454, 105.82726946, '2026-05-15T06:40:42.047420+00');
INSERT INTO driver_location_history (driver_id, latitude, longitude, recorded_at) VALUES (30, 21.03220901, 105.84595143, '2026-05-15T06:39:42.047426+00');
INSERT INTO driver_location_history (driver_id, latitude, longitude, recorded_at) VALUES (31, 21.01581610, 105.84738093, '2026-05-15T06:38:42.047432+00');
INSERT INTO driver_location_history (driver_id, latitude, longitude, recorded_at) VALUES (32, 21.02552126, 105.85719143, '2026-05-15T06:37:42.047438+00');
INSERT INTO driver_location_history (driver_id, latitude, longitude, recorded_at) VALUES (33, 21.04801868, 105.86159449, '2026-05-15T06:36:42.047444+00');
INSERT INTO driver_location_history (driver_id, latitude, longitude, recorded_at) VALUES (34, 21.03516259, 105.83191980, '2026-05-15T06:35:42.047452+00');
INSERT INTO driver_location_history (driver_id, latitude, longitude, recorded_at) VALUES (35, 21.00430089, 105.84659190, '2026-05-15T06:34:42.047459+00');
INSERT INTO driver_location_history (driver_id, latitude, longitude, recorded_at) VALUES (36, 21.05770726, 105.85766991, '2026-05-15T06:33:42.047465+00');
INSERT INTO driver_location_history (driver_id, latitude, longitude, recorded_at) VALUES (37, 21.02043638, 105.83285604, '2026-05-15T06:32:42.047471+00');
INSERT INTO driver_location_history (driver_id, latitude, longitude, recorded_at) VALUES (38, 21.03464778, 105.84828323, '2026-05-15T06:31:42.047477+00');
INSERT INTO driver_location_history (driver_id, latitude, longitude, recorded_at) VALUES (39, 21.00091529, 105.82653484, '2026-05-15T06:30:42.047483+00');
INSERT INTO driver_location_history (driver_id, latitude, longitude, recorded_at) VALUES (40, 21.04131551, 105.87243795, '2026-05-15T06:29:42.047489+00');
INSERT INTO driver_location_history (driver_id, latitude, longitude, recorded_at) VALUES (41, 21.02965996, 105.83313644, '2026-05-15T06:28:42.047495+00');
INSERT INTO driver_location_history (driver_id, latitude, longitude, recorded_at) VALUES (42, 21.05208790, 105.83258686, '2026-05-15T06:27:42.047501+00');
INSERT INTO driver_location_history (driver_id, latitude, longitude, recorded_at) VALUES (43, 21.05438212, 105.84331180, '2026-05-15T06:26:42.047507+00');
INSERT INTO driver_location_history (driver_id, latitude, longitude, recorded_at) VALUES (44, 21.02207728, 105.86119003, '2026-05-15T06:25:42.047513+00');
INSERT INTO driver_location_history (driver_id, latitude, longitude, recorded_at) VALUES (45, 21.04905612, 105.85982348, '2026-05-15T06:24:42.047520+00');
INSERT INTO driver_location_history (driver_id, latitude, longitude, recorded_at) VALUES (46, 21.02893890, 105.85478285, '2026-05-15T06:23:42.047526+00');
INSERT INTO driver_location_history (driver_id, latitude, longitude, recorded_at) VALUES (47, 21.02789080, 105.85797546, '2026-05-15T06:22:42.047532+00');
INSERT INTO driver_location_history (driver_id, latitude, longitude, recorded_at) VALUES (48, 21.02699356, 105.82519822, '2026-05-15T06:21:42.047538+00');
INSERT INTO driver_location_history (driver_id, latitude, longitude, recorded_at) VALUES (49, 21.01837438, 105.83077628, '2026-05-15T06:20:42.047544+00');
INSERT INTO driver_location_history (driver_id, latitude, longitude, recorded_at) VALUES (50, 21.02349242, 105.84266067, '2026-05-15T06:44:42.047550+00');
INSERT INTO driver_location_history (driver_id, latitude, longitude, recorded_at) VALUES (51, 21.05242603, 105.87652595, '2026-05-15T06:43:42.047556+00');
INSERT INTO driver_location_history (driver_id, latitude, longitude, recorded_at) VALUES (52, 21.03625563, 105.86001458, '2026-05-15T06:42:42.047562+00');
INSERT INTO driver_location_history (driver_id, latitude, longitude, recorded_at) VALUES (53, 21.01443183, 105.86353546, '2026-05-15T06:41:42.047570+00');
INSERT INTO driver_location_history (driver_id, latitude, longitude, recorded_at) VALUES (54, 21.05682341, 105.85890846, '2026-05-15T06:40:42.047576+00');
INSERT INTO driver_location_history (driver_id, latitude, longitude, recorded_at) VALUES (55, 21.01215259, 105.82728131, '2026-05-15T06:39:42.047582+00');
INSERT INTO driver_location_history (driver_id, latitude, longitude, recorded_at) VALUES (56, 21.02732693, 105.85565394, '2026-05-15T06:38:42.047588+00');
INSERT INTO driver_location_history (driver_id, latitude, longitude, recorded_at) VALUES (57, 21.04177097, 105.87067637, '2026-05-15T06:37:42.047594+00');
INSERT INTO driver_location_history (driver_id, latitude, longitude, recorded_at) VALUES (58, 21.02131142, 105.87349968, '2026-05-15T06:36:42.047600+00');
INSERT INTO driver_location_history (driver_id, latitude, longitude, recorded_at) VALUES (59, 21.01303179, 105.85855422, '2026-05-15T06:35:42.047607+00');
INSERT INTO driver_location_history (driver_id, latitude, longitude, recorded_at) VALUES (60, 21.04053125, 105.83564706, '2026-05-15T06:34:42.047613+00');
INSERT INTO driver_location_history (driver_id, latitude, longitude, recorded_at) VALUES (61, 21.02496231, 105.84932682, '2026-05-15T06:33:42.047619+00');
INSERT INTO driver_location_history (driver_id, latitude, longitude, recorded_at) VALUES (62, 21.02327761, 105.83643350, '2026-05-15T06:32:42.047625+00');
INSERT INTO driver_location_history (driver_id, latitude, longitude, recorded_at) VALUES (63, 21.02860917, 105.86088868, '2026-05-15T06:31:42.047631+00');
INSERT INTO driver_location_history (driver_id, latitude, longitude, recorded_at) VALUES (64, 21.02679633, 105.87510262, '2026-05-15T06:30:42.047637+00');
INSERT INTO driver_location_history (driver_id, latitude, longitude, recorded_at) VALUES (65, 21.04214413, 105.86654651, '2026-05-15T06:29:42.047643+00');
INSERT INTO driver_location_history (driver_id, latitude, longitude, recorded_at) VALUES (66, 21.02962099, 105.85785321, '2026-05-15T06:28:42.047649+00');
INSERT INTO driver_location_history (driver_id, latitude, longitude, recorded_at) VALUES (67, 21.05838737, 105.85290226, '2026-05-15T06:27:42.047654+00');
INSERT INTO driver_location_history (driver_id, latitude, longitude, recorded_at) VALUES (68, 21.02110949, 105.88160113, '2026-05-15T06:26:42.047660+00');
INSERT INTO driver_location_history (driver_id, latitude, longitude, recorded_at) VALUES (69, 21.02607981, 105.85618762, '2026-05-15T06:25:42.047667+00');
INSERT INTO driver_location_history (driver_id, latitude, longitude, recorded_at) VALUES (70, 21.03127639, 105.86475211, '2026-05-15T06:24:42.047673+00');
INSERT INTO driver_location_history (driver_id, latitude, longitude, recorded_at) VALUES (1, 21.05055926, 105.86504475, '2026-05-15T06:23:42.047679+00');
INSERT INTO driver_location_history (driver_id, latitude, longitude, recorded_at) VALUES (2, 21.04671915, 105.84006173, '2026-05-15T06:22:42.047685+00');
INSERT INTO driver_location_history (driver_id, latitude, longitude, recorded_at) VALUES (3, 21.02755081, 105.88164024, '2026-05-15T06:21:42.047693+00');
INSERT INTO driver_location_history (driver_id, latitude, longitude, recorded_at) VALUES (4, 21.01524038, 105.84210995, '2026-05-15T06:20:42.047700+00');
INSERT INTO driver_location_history (driver_id, latitude, longitude, recorded_at) VALUES (5, 21.05498913, 105.88313562, '2026-05-15T06:44:42.047706+00');
INSERT INTO driver_location_history (driver_id, latitude, longitude, recorded_at) VALUES (6, 21.04477046, 105.86649406, '2026-05-15T06:43:42.047712+00');
INSERT INTO driver_location_history (driver_id, latitude, longitude, recorded_at) VALUES (7, 21.03991439, 105.85354018, '2026-05-15T06:42:42.047718+00');
INSERT INTO driver_location_history (driver_id, latitude, longitude, recorded_at) VALUES (8, 21.02728821, 105.85782926, '2026-05-15T06:41:42.047724+00');
INSERT INTO driver_location_history (driver_id, latitude, longitude, recorded_at) VALUES (9, 21.05456912, 105.86749986, '2026-05-15T06:40:42.047730+00');
INSERT INTO driver_location_history (driver_id, latitude, longitude, recorded_at) VALUES (10, 21.01576736, 105.85860861, '2026-05-15T06:39:42.047736+00');
INSERT INTO driver_location_history (driver_id, latitude, longitude, recorded_at) VALUES (11, 21.03109145, 105.87794563, '2026-05-15T06:38:42.047742+00');
INSERT INTO driver_location_history (driver_id, latitude, longitude, recorded_at) VALUES (12, 21.02217195, 105.84490808, '2026-05-15T06:37:42.047748+00');
INSERT INTO driver_location_history (driver_id, latitude, longitude, recorded_at) VALUES (13, 21.04488386, 105.83298857, '2026-05-15T06:36:42.047754+00');
INSERT INTO driver_location_history (driver_id, latitude, longitude, recorded_at) VALUES (14, 21.00102399, 105.88151882, '2026-05-15T06:35:42.047760+00');
INSERT INTO driver_location_history (driver_id, latitude, longitude, recorded_at) VALUES (15, 21.00324177, 105.87964058, '2026-05-15T06:34:42.047767+00');
INSERT INTO driver_location_history (driver_id, latitude, longitude, recorded_at) VALUES (16, 21.03785832, 105.86904031, '2026-05-15T06:33:42.047772+00');
INSERT INTO driver_location_history (driver_id, latitude, longitude, recorded_at) VALUES (17, 21.01133921, 105.87387710, '2026-05-15T06:32:42.047778+00');
INSERT INTO driver_location_history (driver_id, latitude, longitude, recorded_at) VALUES (18, 21.01476796, 105.85792108, '2026-05-15T06:31:42.047784+00');
INSERT INTO driver_location_history (driver_id, latitude, longitude, recorded_at) VALUES (19, 21.01479729, 105.83075359, '2026-05-15T06:30:42.047790+00');
INSERT INTO driver_location_history (driver_id, latitude, longitude, recorded_at) VALUES (20, 21.04295346, 105.83855692, '2026-05-15T06:29:42.047798+00');
INSERT INTO driver_location_history (driver_id, latitude, longitude, recorded_at) VALUES (21, 21.00154593, 105.87851105, '2026-05-15T06:28:42.047804+00');
INSERT INTO driver_location_history (driver_id, latitude, longitude, recorded_at) VALUES (22, 21.01204030, 105.83817019, '2026-05-15T06:27:42.047811+00');
INSERT INTO driver_location_history (driver_id, latitude, longitude, recorded_at) VALUES (23, 21.00451188, 105.84401762, '2026-05-15T06:26:42.047818+00');
INSERT INTO driver_location_history (driver_id, latitude, longitude, recorded_at) VALUES (24, 21.02684423, 105.86507152, '2026-05-15T06:25:42.047824+00');
INSERT INTO driver_location_history (driver_id, latitude, longitude, recorded_at) VALUES (25, 21.00674802, 105.88207113, '2026-05-15T06:24:42.047830+00');
INSERT INTO driver_location_history (driver_id, latitude, longitude, recorded_at) VALUES (26, 21.05717464, 105.83367646, '2026-05-15T06:23:42.047836+00');
INSERT INTO driver_location_history (driver_id, latitude, longitude, recorded_at) VALUES (27, 21.03767357, 105.87703885, '2026-05-15T06:22:42.047842+00');
INSERT INTO driver_location_history (driver_id, latitude, longitude, recorded_at) VALUES (28, 21.02704198, 105.86323232, '2026-05-15T06:21:42.047848+00');
INSERT INTO driver_location_history (driver_id, latitude, longitude, recorded_at) VALUES (29, 21.04385466, 105.84143470, '2026-05-15T06:20:42.047854+00');
INSERT INTO driver_location_history (driver_id, latitude, longitude, recorded_at) VALUES (30, 21.01562492, 105.82774976, '2026-05-15T06:44:42.047860+00');

-- search_history
INSERT INTO search_history (customer_id, search_text, searched_at) VALUES (1, '空港', '2026-03-01T01:00:00+00');
INSERT INTO search_history (customer_id, search_text, searched_at) VALUES (2, 'レストラン', '2026-03-01T02:00:00+00');
INSERT INTO search_history (customer_id, search_text, searched_at) VALUES (3, 'West Lake', '2026-03-01T03:00:00+00');
INSERT INTO search_history (customer_id, search_text, searched_at) VALUES (4, 'スーパー', '2026-03-01T04:00:00+00');
INSERT INTO search_history (customer_id, search_text, searched_at) VALUES (5, 'ホテル', '2026-03-01T05:00:00+00');
INSERT INTO search_history (customer_id, search_text, searched_at) VALUES (6, '日本大使館', '2026-03-01T06:00:00+00');
INSERT INTO search_history (customer_id, search_text, searched_at) VALUES (7, '駅', '2026-03-01T07:00:00+00');
INSERT INTO search_history (customer_id, search_text, searched_at) VALUES (8, '日本大使館', '2026-03-01T08:00:00+00');
INSERT INTO search_history (customer_id, search_text, searched_at) VALUES (9, 'ホテル', '2026-03-01T09:00:00+00');
INSERT INTO search_history (customer_id, search_text, searched_at) VALUES (10, '駅', '2026-03-01T10:00:00+00');
INSERT INTO search_history (customer_id, search_text, searched_at) VALUES (11, '病院', '2026-03-01T11:00:00+00');
INSERT INTO search_history (customer_id, search_text, searched_at) VALUES (12, '日本大使館', '2026-03-01T12:00:00+00');
INSERT INTO search_history (customer_id, search_text, searched_at) VALUES (13, 'Opera House', '2026-03-01T13:00:00+00');
INSERT INTO search_history (customer_id, search_text, searched_at) VALUES (14, 'ホテル', '2026-03-01T14:00:00+00');
INSERT INTO search_history (customer_id, search_text, searched_at) VALUES (15, 'ホテル', '2026-03-01T15:00:00+00');
INSERT INTO search_history (customer_id, search_text, searched_at) VALUES (16, 'Opera House', '2026-03-01T16:00:00+00');
INSERT INTO search_history (customer_id, search_text, searched_at) VALUES (17, 'レストラン', '2026-03-01T17:00:00+00');
INSERT INTO search_history (customer_id, search_text, searched_at) VALUES (18, 'レストラン', '2026-03-01T18:00:00+00');
INSERT INTO search_history (customer_id, search_text, searched_at) VALUES (19, '空港', '2026-03-01T19:00:00+00');
INSERT INTO search_history (customer_id, search_text, searched_at) VALUES (20, 'Lotte Center', '2026-03-01T20:00:00+00');
INSERT INTO search_history (customer_id, search_text, searched_at) VALUES (21, 'Opera House', '2026-03-01T21:00:00+00');
INSERT INTO search_history (customer_id, search_text, searched_at) VALUES (22, '病院', '2026-03-01T22:00:00+00');
INSERT INTO search_history (customer_id, search_text, searched_at) VALUES (23, 'スーパー', '2026-03-01T23:00:00+00');
INSERT INTO search_history (customer_id, search_text, searched_at) VALUES (24, 'スーパー', '2026-03-02T00:00:00+00');
INSERT INTO search_history (customer_id, search_text, searched_at) VALUES (25, '病院', '2026-03-02T01:00:00+00');
INSERT INTO search_history (customer_id, search_text, searched_at) VALUES (26, '日本大使館', '2026-03-02T02:00:00+00');
INSERT INTO search_history (customer_id, search_text, searched_at) VALUES (27, 'スーパー', '2026-03-02T03:00:00+00');
INSERT INTO search_history (customer_id, search_text, searched_at) VALUES (28, '病院', '2026-03-02T04:00:00+00');
INSERT INTO search_history (customer_id, search_text, searched_at) VALUES (29, 'Opera House', '2026-03-02T05:00:00+00');
INSERT INTO search_history (customer_id, search_text, searched_at) VALUES (30, 'West Lake', '2026-03-02T06:00:00+00');
INSERT INTO search_history (customer_id, search_text, searched_at) VALUES (31, '空港', '2026-03-02T07:00:00+00');
INSERT INTO search_history (customer_id, search_text, searched_at) VALUES (32, 'Lotte Center', '2026-03-02T08:00:00+00');
INSERT INTO search_history (customer_id, search_text, searched_at) VALUES (33, '日本大使館', '2026-03-02T09:00:00+00');
INSERT INTO search_history (customer_id, search_text, searched_at) VALUES (34, '病院', '2026-03-02T10:00:00+00');
INSERT INTO search_history (customer_id, search_text, searched_at) VALUES (35, 'Opera House', '2026-03-02T11:00:00+00');
INSERT INTO search_history (customer_id, search_text, searched_at) VALUES (36, '日本大使館', '2026-03-02T12:00:00+00');
INSERT INTO search_history (customer_id, search_text, searched_at) VALUES (37, 'ホテル', '2026-03-02T13:00:00+00');
INSERT INTO search_history (customer_id, search_text, searched_at) VALUES (38, 'Lotte Center', '2026-03-02T14:00:00+00');
INSERT INTO search_history (customer_id, search_text, searched_at) VALUES (39, 'Opera House', '2026-03-02T15:00:00+00');
INSERT INTO search_history (customer_id, search_text, searched_at) VALUES (40, 'レストラン', '2026-03-02T16:00:00+00');
INSERT INTO search_history (customer_id, search_text, searched_at) VALUES (41, 'West Lake', '2026-03-02T17:00:00+00');
INSERT INTO search_history (customer_id, search_text, searched_at) VALUES (42, '日本大使館', '2026-03-02T18:00:00+00');
INSERT INTO search_history (customer_id, search_text, searched_at) VALUES (43, 'レストラン', '2026-03-02T19:00:00+00');
INSERT INTO search_history (customer_id, search_text, searched_at) VALUES (44, '駅', '2026-03-02T20:00:00+00');
INSERT INTO search_history (customer_id, search_text, searched_at) VALUES (45, '駅', '2026-03-02T21:00:00+00');
INSERT INTO search_history (customer_id, search_text, searched_at) VALUES (46, 'スーパー', '2026-03-02T22:00:00+00');
INSERT INTO search_history (customer_id, search_text, searched_at) VALUES (47, 'Lotte Center', '2026-03-02T23:00:00+00');
INSERT INTO search_history (customer_id, search_text, searched_at) VALUES (48, '空港', '2026-03-03T00:00:00+00');
INSERT INTO search_history (customer_id, search_text, searched_at) VALUES (49, '駅', '2026-03-03T01:00:00+00');
INSERT INTO search_history (customer_id, search_text, searched_at) VALUES (50, '空港', '2026-03-03T02:00:00+00');
INSERT INTO search_history (customer_id, search_text, searched_at) VALUES (51, '日本大使館', '2026-03-03T03:00:00+00');
INSERT INTO search_history (customer_id, search_text, searched_at) VALUES (52, '日本大使館', '2026-03-03T04:00:00+00');
INSERT INTO search_history (customer_id, search_text, searched_at) VALUES (53, '病院', '2026-03-03T05:00:00+00');
INSERT INTO search_history (customer_id, search_text, searched_at) VALUES (54, 'Lotte Center', '2026-03-03T06:00:00+00');
INSERT INTO search_history (customer_id, search_text, searched_at) VALUES (55, 'West Lake', '2026-03-03T07:00:00+00');
INSERT INTO search_history (customer_id, search_text, searched_at) VALUES (56, 'ホテル', '2026-03-03T08:00:00+00');
INSERT INTO search_history (customer_id, search_text, searched_at) VALUES (57, 'Opera House', '2026-03-03T09:00:00+00');
INSERT INTO search_history (customer_id, search_text, searched_at) VALUES (58, '駅', '2026-03-03T10:00:00+00');
INSERT INTO search_history (customer_id, search_text, searched_at) VALUES (59, 'West Lake', '2026-03-03T11:00:00+00');
INSERT INTO search_history (customer_id, search_text, searched_at) VALUES (60, '病院', '2026-03-03T12:00:00+00');
INSERT INTO search_history (customer_id, search_text, searched_at) VALUES (61, 'Opera House', '2026-03-03T13:00:00+00');
INSERT INTO search_history (customer_id, search_text, searched_at) VALUES (62, 'Lotte Center', '2026-03-03T14:00:00+00');
INSERT INTO search_history (customer_id, search_text, searched_at) VALUES (63, 'Opera House', '2026-03-03T15:00:00+00');
INSERT INTO search_history (customer_id, search_text, searched_at) VALUES (64, 'レストラン', '2026-03-03T16:00:00+00');
INSERT INTO search_history (customer_id, search_text, searched_at) VALUES (65, 'レストラン', '2026-03-03T17:00:00+00');
INSERT INTO search_history (customer_id, search_text, searched_at) VALUES (66, 'ホテル', '2026-03-03T18:00:00+00');
INSERT INTO search_history (customer_id, search_text, searched_at) VALUES (67, 'Opera House', '2026-03-03T19:00:00+00');
INSERT INTO search_history (customer_id, search_text, searched_at) VALUES (68, 'Lotte Center', '2026-03-03T20:00:00+00');
INSERT INTO search_history (customer_id, search_text, searched_at) VALUES (69, 'West Lake', '2026-03-03T21:00:00+00');
INSERT INTO search_history (customer_id, search_text, searched_at) VALUES (70, 'ホテル', '2026-03-03T22:00:00+00');
INSERT INTO search_history (customer_id, search_text, searched_at) VALUES (71, '空港', '2026-03-03T23:00:00+00');
INSERT INTO search_history (customer_id, search_text, searched_at) VALUES (72, '病院', '2026-03-04T00:00:00+00');
INSERT INTO search_history (customer_id, search_text, searched_at) VALUES (73, 'Opera House', '2026-03-04T01:00:00+00');
INSERT INTO search_history (customer_id, search_text, searched_at) VALUES (74, '日本大使館', '2026-03-04T02:00:00+00');
INSERT INTO search_history (customer_id, search_text, searched_at) VALUES (75, '駅', '2026-03-04T03:00:00+00');
INSERT INTO search_history (customer_id, search_text, searched_at) VALUES (76, 'スーパー', '2026-03-04T04:00:00+00');
INSERT INTO search_history (customer_id, search_text, searched_at) VALUES (77, 'Opera House', '2026-03-04T05:00:00+00');
INSERT INTO search_history (customer_id, search_text, searched_at) VALUES (78, '空港', '2026-03-04T06:00:00+00');
INSERT INTO search_history (customer_id, search_text, searched_at) VALUES (79, 'Opera House', '2026-03-04T07:00:00+00');
INSERT INTO search_history (customer_id, search_text, searched_at) VALUES (80, 'Lotte Center', '2026-03-04T08:00:00+00');
INSERT INTO search_history (customer_id, search_text, searched_at) VALUES (81, 'レストラン', '2026-03-04T09:00:00+00');
INSERT INTO search_history (customer_id, search_text, searched_at) VALUES (82, 'West Lake', '2026-03-04T10:00:00+00');
INSERT INTO search_history (customer_id, search_text, searched_at) VALUES (83, 'West Lake', '2026-03-04T11:00:00+00');
INSERT INTO search_history (customer_id, search_text, searched_at) VALUES (84, '日本大使館', '2026-03-04T12:00:00+00');
INSERT INTO search_history (customer_id, search_text, searched_at) VALUES (85, '病院', '2026-03-04T13:00:00+00');
INSERT INTO search_history (customer_id, search_text, searched_at) VALUES (86, '日本大使館', '2026-03-04T14:00:00+00');
INSERT INTO search_history (customer_id, search_text, searched_at) VALUES (87, '病院', '2026-03-04T15:00:00+00');
INSERT INTO search_history (customer_id, search_text, searched_at) VALUES (88, 'レストラン', '2026-03-04T16:00:00+00');
INSERT INTO search_history (customer_id, search_text, searched_at) VALUES (89, 'Lotte Center', '2026-03-04T17:00:00+00');
INSERT INTO search_history (customer_id, search_text, searched_at) VALUES (90, '駅', '2026-03-04T18:00:00+00');
INSERT INTO search_history (customer_id, search_text, searched_at) VALUES (91, 'スーパー', '2026-03-04T19:00:00+00');
INSERT INTO search_history (customer_id, search_text, searched_at) VALUES (92, '病院', '2026-03-04T20:00:00+00');
INSERT INTO search_history (customer_id, search_text, searched_at) VALUES (93, 'スーパー', '2026-03-04T21:00:00+00');
INSERT INTO search_history (customer_id, search_text, searched_at) VALUES (94, 'West Lake', '2026-03-04T22:00:00+00');
INSERT INTO search_history (customer_id, search_text, searched_at) VALUES (95, 'West Lake', '2026-03-04T23:00:00+00');
INSERT INTO search_history (customer_id, search_text, searched_at) VALUES (96, 'レストラン', '2026-03-05T00:00:00+00');
INSERT INTO search_history (customer_id, search_text, searched_at) VALUES (97, '空港', '2026-03-05T01:00:00+00');
INSERT INTO search_history (customer_id, search_text, searched_at) VALUES (98, 'スーパー', '2026-03-05T02:00:00+00');
INSERT INTO search_history (customer_id, search_text, searched_at) VALUES (99, '病院', '2026-03-05T03:00:00+00');
INSERT INTO search_history (customer_id, search_text, searched_at) VALUES (100, 'スーパー', '2026-03-05T04:00:00+00');

-- user_link
INSERT INTO user_link (customer_id, driver_id) VALUES (1, 4);
INSERT INTO user_link (customer_id, driver_id) VALUES (2, 7);
INSERT INTO user_link (customer_id, driver_id) VALUES (3, 10);
INSERT INTO user_link (customer_id, driver_id) VALUES (4, 13);
INSERT INTO user_link (customer_id, driver_id) VALUES (5, 16);
INSERT INTO user_link (customer_id, driver_id) VALUES (6, 19);
INSERT INTO user_link (customer_id, driver_id) VALUES (7, 22);
INSERT INTO user_link (customer_id, driver_id) VALUES (8, 25);
INSERT INTO user_link (customer_id, driver_id) VALUES (9, 28);
INSERT INTO user_link (customer_id, driver_id) VALUES (10, 31);
INSERT INTO user_link (customer_id, driver_id) VALUES (11, 34);
INSERT INTO user_link (customer_id, driver_id) VALUES (12, 37);
INSERT INTO user_link (customer_id, driver_id) VALUES (13, 40);
INSERT INTO user_link (customer_id, driver_id) VALUES (14, 43);
INSERT INTO user_link (customer_id, driver_id) VALUES (15, 46);
INSERT INTO user_link (customer_id, driver_id) VALUES (16, 49);
INSERT INTO user_link (customer_id, driver_id) VALUES (17, 52);
INSERT INTO user_link (customer_id, driver_id) VALUES (18, 55);
INSERT INTO user_link (customer_id, driver_id) VALUES (19, 58);
INSERT INTO user_link (customer_id, driver_id) VALUES (20, 61);
INSERT INTO user_link (customer_id, driver_id) VALUES (21, 64);
INSERT INTO user_link (customer_id, driver_id) VALUES (22, 67);
INSERT INTO user_link (customer_id, driver_id) VALUES (23, 70);
INSERT INTO user_link (customer_id, driver_id) VALUES (24, 3);
INSERT INTO user_link (customer_id, driver_id) VALUES (25, 6);
INSERT INTO user_link (customer_id, driver_id) VALUES (26, 9);
INSERT INTO user_link (customer_id, driver_id) VALUES (27, 12);
INSERT INTO user_link (customer_id, driver_id) VALUES (28, 15);
INSERT INTO user_link (customer_id, driver_id) VALUES (29, 18);
INSERT INTO user_link (customer_id, driver_id) VALUES (30, 21);
INSERT INTO user_link (customer_id, driver_id) VALUES (31, 24);
INSERT INTO user_link (customer_id, driver_id) VALUES (32, 27);
INSERT INTO user_link (customer_id, driver_id) VALUES (33, 30);
INSERT INTO user_link (customer_id, driver_id) VALUES (34, 33);
INSERT INTO user_link (customer_id, driver_id) VALUES (35, 36);
INSERT INTO user_link (customer_id, driver_id) VALUES (36, 39);
INSERT INTO user_link (customer_id, driver_id) VALUES (37, 42);
INSERT INTO user_link (customer_id, driver_id) VALUES (38, 45);
INSERT INTO user_link (customer_id, driver_id) VALUES (39, 48);
INSERT INTO user_link (customer_id, driver_id) VALUES (40, 51);
INSERT INTO user_link (customer_id, driver_id) VALUES (41, 54);
INSERT INTO user_link (customer_id, driver_id) VALUES (42, 57);
INSERT INTO user_link (customer_id, driver_id) VALUES (43, 60);
INSERT INTO user_link (customer_id, driver_id) VALUES (44, 63);
INSERT INTO user_link (customer_id, driver_id) VALUES (45, 66);
INSERT INTO user_link (customer_id, driver_id) VALUES (46, 69);
INSERT INTO user_link (customer_id, driver_id) VALUES (47, 2);
INSERT INTO user_link (customer_id, driver_id) VALUES (48, 5);
INSERT INTO user_link (customer_id, driver_id) VALUES (49, 8);
INSERT INTO user_link (customer_id, driver_id) VALUES (50, 11);
INSERT INTO user_link (customer_id, driver_id) VALUES (51, 14);
INSERT INTO user_link (customer_id, driver_id) VALUES (52, 17);
INSERT INTO user_link (customer_id, driver_id) VALUES (53, 20);
INSERT INTO user_link (customer_id, driver_id) VALUES (54, 23);
INSERT INTO user_link (customer_id, driver_id) VALUES (55, 26);
INSERT INTO user_link (customer_id, driver_id) VALUES (56, 29);
INSERT INTO user_link (customer_id, driver_id) VALUES (57, 32);
INSERT INTO user_link (customer_id, driver_id) VALUES (58, 35);
INSERT INTO user_link (customer_id, driver_id) VALUES (59, 38);
INSERT INTO user_link (customer_id, driver_id) VALUES (60, 41);
INSERT INTO user_link (customer_id, driver_id) VALUES (61, 44);
INSERT INTO user_link (customer_id, driver_id) VALUES (62, 47);
INSERT INTO user_link (customer_id, driver_id) VALUES (63, 50);
INSERT INTO user_link (customer_id, driver_id) VALUES (64, 53);
INSERT INTO user_link (customer_id, driver_id) VALUES (65, 56);
INSERT INTO user_link (customer_id, driver_id) VALUES (66, 59);
INSERT INTO user_link (customer_id, driver_id) VALUES (67, 62);
INSERT INTO user_link (customer_id, driver_id) VALUES (68, 65);
INSERT INTO user_link (customer_id, driver_id) VALUES (69, 68);
INSERT INTO user_link (customer_id, driver_id) VALUES (70, 1);
INSERT INTO user_link (customer_id, driver_id) VALUES (71, 4);
INSERT INTO user_link (customer_id, driver_id) VALUES (72, 7);
INSERT INTO user_link (customer_id, driver_id) VALUES (73, 10);
INSERT INTO user_link (customer_id, driver_id) VALUES (74, 13);
INSERT INTO user_link (customer_id, driver_id) VALUES (75, 16);
INSERT INTO user_link (customer_id, driver_id) VALUES (76, 19);
INSERT INTO user_link (customer_id, driver_id) VALUES (77, 22);
INSERT INTO user_link (customer_id, driver_id) VALUES (78, 25);
INSERT INTO user_link (customer_id, driver_id) VALUES (79, 28);
INSERT INTO user_link (customer_id, driver_id) VALUES (80, 31);
INSERT INTO user_link (customer_id, driver_id) VALUES (81, 34);
INSERT INTO user_link (customer_id, driver_id) VALUES (82, 37);
INSERT INTO user_link (customer_id, driver_id) VALUES (83, 40);
INSERT INTO user_link (customer_id, driver_id) VALUES (84, 43);
INSERT INTO user_link (customer_id, driver_id) VALUES (85, 46);
INSERT INTO user_link (customer_id, driver_id) VALUES (86, 49);
INSERT INTO user_link (customer_id, driver_id) VALUES (87, 52);
INSERT INTO user_link (customer_id, driver_id) VALUES (88, 55);
INSERT INTO user_link (customer_id, driver_id) VALUES (89, 58);
INSERT INTO user_link (customer_id, driver_id) VALUES (90, 61);
INSERT INTO user_link (customer_id, driver_id) VALUES (91, 64);
INSERT INTO user_link (customer_id, driver_id) VALUES (92, 67);
INSERT INTO user_link (customer_id, driver_id) VALUES (93, 70);
INSERT INTO user_link (customer_id, driver_id) VALUES (94, 3);
INSERT INTO user_link (customer_id, driver_id) VALUES (95, 6);
INSERT INTO user_link (customer_id, driver_id) VALUES (96, 9);
INSERT INTO user_link (customer_id, driver_id) VALUES (97, 12);
INSERT INTO user_link (customer_id, driver_id) VALUES (98, 15);
INSERT INTO user_link (customer_id, driver_id) VALUES (99, 18);
INSERT INTO user_link (customer_id, driver_id) VALUES (100, 21);

-- login_history
INSERT INTO login_history (user_type, user_id, ip_address, login_time) VALUES ('driver', 1, '192.168.1.2', '2026-05-01T01:00:00+00');
INSERT INTO login_history (user_type, user_id, ip_address, login_time) VALUES ('customer', 2, '192.168.1.3', '2026-05-01T02:00:00+00');
INSERT INTO login_history (user_type, user_id, ip_address, login_time) VALUES ('driver', 3, '192.168.1.4', '2026-05-01T03:00:00+00');
INSERT INTO login_history (user_type, user_id, ip_address, login_time) VALUES ('customer', 4, '192.168.1.5', '2026-05-01T04:00:00+00');
INSERT INTO login_history (user_type, user_id, ip_address, login_time) VALUES ('driver', 5, '192.168.1.6', '2026-05-01T05:00:00+00');
INSERT INTO login_history (user_type, user_id, ip_address, login_time) VALUES ('customer', 6, '192.168.1.7', '2026-05-01T06:00:00+00');
INSERT INTO login_history (user_type, user_id, ip_address, login_time) VALUES ('driver', 7, '192.168.1.8', '2026-05-01T07:00:00+00');
INSERT INTO login_history (user_type, user_id, ip_address, login_time) VALUES ('customer', 8, '192.168.1.9', '2026-05-01T08:00:00+00');
INSERT INTO login_history (user_type, user_id, ip_address, login_time) VALUES ('driver', 9, '192.168.1.10', '2026-05-01T09:00:00+00');
INSERT INTO login_history (user_type, user_id, ip_address, login_time) VALUES ('customer', 10, '192.168.1.11', '2026-05-01T10:00:00+00');
INSERT INTO login_history (user_type, user_id, ip_address, login_time) VALUES ('driver', 11, '192.168.1.12', '2026-05-01T11:00:00+00');
INSERT INTO login_history (user_type, user_id, ip_address, login_time) VALUES ('customer', 12, '192.168.1.13', '2026-05-01T12:00:00+00');
INSERT INTO login_history (user_type, user_id, ip_address, login_time) VALUES ('driver', 13, '192.168.1.14', '2026-05-01T13:00:00+00');
INSERT INTO login_history (user_type, user_id, ip_address, login_time) VALUES ('customer', 14, '192.168.1.15', '2026-05-01T14:00:00+00');
INSERT INTO login_history (user_type, user_id, ip_address, login_time) VALUES ('driver', 15, '192.168.1.16', '2026-05-01T15:00:00+00');
INSERT INTO login_history (user_type, user_id, ip_address, login_time) VALUES ('customer', 16, '192.168.1.17', '2026-05-01T16:00:00+00');
INSERT INTO login_history (user_type, user_id, ip_address, login_time) VALUES ('driver', 17, '192.168.1.18', '2026-05-01T17:00:00+00');
INSERT INTO login_history (user_type, user_id, ip_address, login_time) VALUES ('customer', 18, '192.168.1.19', '2026-05-01T18:00:00+00');
INSERT INTO login_history (user_type, user_id, ip_address, login_time) VALUES ('driver', 19, '192.168.1.20', '2026-05-01T19:00:00+00');
INSERT INTO login_history (user_type, user_id, ip_address, login_time) VALUES ('customer', 20, '192.168.1.21', '2026-05-01T20:00:00+00');
INSERT INTO login_history (user_type, user_id, ip_address, login_time) VALUES ('driver', 21, '192.168.1.22', '2026-05-01T21:00:00+00');
INSERT INTO login_history (user_type, user_id, ip_address, login_time) VALUES ('customer', 22, '192.168.1.23', '2026-05-01T22:00:00+00');
INSERT INTO login_history (user_type, user_id, ip_address, login_time) VALUES ('driver', 23, '192.168.1.24', '2026-05-01T23:00:00+00');
INSERT INTO login_history (user_type, user_id, ip_address, login_time) VALUES ('customer', 24, '192.168.1.25', '2026-05-02T00:00:00+00');
INSERT INTO login_history (user_type, user_id, ip_address, login_time) VALUES ('driver', 25, '192.168.1.26', '2026-05-02T01:00:00+00');
INSERT INTO login_history (user_type, user_id, ip_address, login_time) VALUES ('customer', 26, '192.168.1.27', '2026-05-02T02:00:00+00');
INSERT INTO login_history (user_type, user_id, ip_address, login_time) VALUES ('driver', 27, '192.168.1.28', '2026-05-02T03:00:00+00');
INSERT INTO login_history (user_type, user_id, ip_address, login_time) VALUES ('customer', 28, '192.168.1.29', '2026-05-02T04:00:00+00');
INSERT INTO login_history (user_type, user_id, ip_address, login_time) VALUES ('driver', 29, '192.168.1.30', '2026-05-02T05:00:00+00');
INSERT INTO login_history (user_type, user_id, ip_address, login_time) VALUES ('customer', 30, '192.168.1.31', '2026-05-02T06:00:00+00');
INSERT INTO login_history (user_type, user_id, ip_address, login_time) VALUES ('driver', 31, '192.168.1.32', '2026-05-02T07:00:00+00');
INSERT INTO login_history (user_type, user_id, ip_address, login_time) VALUES ('customer', 32, '192.168.1.33', '2026-05-02T08:00:00+00');
INSERT INTO login_history (user_type, user_id, ip_address, login_time) VALUES ('driver', 33, '192.168.1.34', '2026-05-02T09:00:00+00');
INSERT INTO login_history (user_type, user_id, ip_address, login_time) VALUES ('customer', 34, '192.168.1.35', '2026-05-02T10:00:00+00');
INSERT INTO login_history (user_type, user_id, ip_address, login_time) VALUES ('driver', 35, '192.168.1.36', '2026-05-02T11:00:00+00');
INSERT INTO login_history (user_type, user_id, ip_address, login_time) VALUES ('customer', 36, '192.168.1.37', '2026-05-02T12:00:00+00');
INSERT INTO login_history (user_type, user_id, ip_address, login_time) VALUES ('driver', 37, '192.168.1.38', '2026-05-02T13:00:00+00');
INSERT INTO login_history (user_type, user_id, ip_address, login_time) VALUES ('customer', 38, '192.168.1.39', '2026-05-02T14:00:00+00');
INSERT INTO login_history (user_type, user_id, ip_address, login_time) VALUES ('driver', 39, '192.168.1.40', '2026-05-02T15:00:00+00');
INSERT INTO login_history (user_type, user_id, ip_address, login_time) VALUES ('customer', 40, '192.168.1.41', '2026-05-02T16:00:00+00');
INSERT INTO login_history (user_type, user_id, ip_address, login_time) VALUES ('driver', 41, '192.168.1.42', '2026-05-02T17:00:00+00');
INSERT INTO login_history (user_type, user_id, ip_address, login_time) VALUES ('customer', 42, '192.168.1.43', '2026-05-02T18:00:00+00');
INSERT INTO login_history (user_type, user_id, ip_address, login_time) VALUES ('driver', 43, '192.168.1.44', '2026-05-02T19:00:00+00');
INSERT INTO login_history (user_type, user_id, ip_address, login_time) VALUES ('customer', 44, '192.168.1.45', '2026-05-02T20:00:00+00');
INSERT INTO login_history (user_type, user_id, ip_address, login_time) VALUES ('driver', 45, '192.168.1.46', '2026-05-02T21:00:00+00');
INSERT INTO login_history (user_type, user_id, ip_address, login_time) VALUES ('customer', 46, '192.168.1.47', '2026-05-02T22:00:00+00');
INSERT INTO login_history (user_type, user_id, ip_address, login_time) VALUES ('driver', 47, '192.168.1.48', '2026-05-02T23:00:00+00');
INSERT INTO login_history (user_type, user_id, ip_address, login_time) VALUES ('customer', 48, '192.168.1.49', '2026-05-03T00:00:00+00');
INSERT INTO login_history (user_type, user_id, ip_address, login_time) VALUES ('driver', 49, '192.168.1.50', '2026-05-03T01:00:00+00');
INSERT INTO login_history (user_type, user_id, ip_address, login_time) VALUES ('customer', 50, '192.168.1.51', '2026-05-03T02:00:00+00');
INSERT INTO login_history (user_type, user_id, ip_address, login_time) VALUES ('driver', 51, '192.168.1.52', '2026-05-03T03:00:00+00');
INSERT INTO login_history (user_type, user_id, ip_address, login_time) VALUES ('customer', 52, '192.168.1.53', '2026-05-03T04:00:00+00');
INSERT INTO login_history (user_type, user_id, ip_address, login_time) VALUES ('driver', 53, '192.168.1.54', '2026-05-03T05:00:00+00');
INSERT INTO login_history (user_type, user_id, ip_address, login_time) VALUES ('customer', 54, '192.168.1.55', '2026-05-03T06:00:00+00');
INSERT INTO login_history (user_type, user_id, ip_address, login_time) VALUES ('driver', 55, '192.168.1.56', '2026-05-03T07:00:00+00');
INSERT INTO login_history (user_type, user_id, ip_address, login_time) VALUES ('customer', 56, '192.168.1.57', '2026-05-03T08:00:00+00');
INSERT INTO login_history (user_type, user_id, ip_address, login_time) VALUES ('driver', 57, '192.168.1.58', '2026-05-03T09:00:00+00');
INSERT INTO login_history (user_type, user_id, ip_address, login_time) VALUES ('customer', 58, '192.168.1.59', '2026-05-03T10:00:00+00');
INSERT INTO login_history (user_type, user_id, ip_address, login_time) VALUES ('driver', 59, '192.168.1.60', '2026-05-03T11:00:00+00');
INSERT INTO login_history (user_type, user_id, ip_address, login_time) VALUES ('customer', 60, '192.168.1.61', '2026-05-03T12:00:00+00');
INSERT INTO login_history (user_type, user_id, ip_address, login_time) VALUES ('driver', 61, '192.168.1.62', '2026-05-03T13:00:00+00');
INSERT INTO login_history (user_type, user_id, ip_address, login_time) VALUES ('customer', 62, '192.168.1.63', '2026-05-03T14:00:00+00');
INSERT INTO login_history (user_type, user_id, ip_address, login_time) VALUES ('driver', 63, '192.168.1.64', '2026-05-03T15:00:00+00');
INSERT INTO login_history (user_type, user_id, ip_address, login_time) VALUES ('customer', 64, '192.168.1.65', '2026-05-03T16:00:00+00');
INSERT INTO login_history (user_type, user_id, ip_address, login_time) VALUES ('driver', 65, '192.168.1.66', '2026-05-03T17:00:00+00');
INSERT INTO login_history (user_type, user_id, ip_address, login_time) VALUES ('customer', 66, '192.168.1.67', '2026-05-03T18:00:00+00');
INSERT INTO login_history (user_type, user_id, ip_address, login_time) VALUES ('driver', 67, '192.168.1.68', '2026-05-03T19:00:00+00');
INSERT INTO login_history (user_type, user_id, ip_address, login_time) VALUES ('customer', 68, '192.168.1.69', '2026-05-03T20:00:00+00');
INSERT INTO login_history (user_type, user_id, ip_address, login_time) VALUES ('driver', 69, '192.168.1.70', '2026-05-03T21:00:00+00');
INSERT INTO login_history (user_type, user_id, ip_address, login_time) VALUES ('customer', 70, '192.168.1.71', '2026-05-03T22:00:00+00');
INSERT INTO login_history (user_type, user_id, ip_address, login_time) VALUES ('driver', 1, '192.168.1.72', '2026-05-03T23:00:00+00');
INSERT INTO login_history (user_type, user_id, ip_address, login_time) VALUES ('customer', 72, '192.168.1.73', '2026-05-04T00:00:00+00');
INSERT INTO login_history (user_type, user_id, ip_address, login_time) VALUES ('driver', 3, '192.168.1.74', '2026-05-04T01:00:00+00');
INSERT INTO login_history (user_type, user_id, ip_address, login_time) VALUES ('customer', 74, '192.168.1.75', '2026-05-04T02:00:00+00');
INSERT INTO login_history (user_type, user_id, ip_address, login_time) VALUES ('driver', 5, '192.168.1.76', '2026-05-04T03:00:00+00');
INSERT INTO login_history (user_type, user_id, ip_address, login_time) VALUES ('customer', 76, '192.168.1.77', '2026-05-04T04:00:00+00');
INSERT INTO login_history (user_type, user_id, ip_address, login_time) VALUES ('driver', 7, '192.168.1.78', '2026-05-04T05:00:00+00');
INSERT INTO login_history (user_type, user_id, ip_address, login_time) VALUES ('customer', 78, '192.168.1.79', '2026-05-04T06:00:00+00');
INSERT INTO login_history (user_type, user_id, ip_address, login_time) VALUES ('driver', 9, '192.168.1.80', '2026-05-04T07:00:00+00');
INSERT INTO login_history (user_type, user_id, ip_address, login_time) VALUES ('customer', 80, '192.168.1.81', '2026-05-04T08:00:00+00');
INSERT INTO login_history (user_type, user_id, ip_address, login_time) VALUES ('driver', 11, '192.168.1.82', '2026-05-04T09:00:00+00');
INSERT INTO login_history (user_type, user_id, ip_address, login_time) VALUES ('customer', 82, '192.168.1.83', '2026-05-04T10:00:00+00');
INSERT INTO login_history (user_type, user_id, ip_address, login_time) VALUES ('driver', 13, '192.168.1.84', '2026-05-04T11:00:00+00');
INSERT INTO login_history (user_type, user_id, ip_address, login_time) VALUES ('customer', 84, '192.168.1.85', '2026-05-04T12:00:00+00');
INSERT INTO login_history (user_type, user_id, ip_address, login_time) VALUES ('driver', 15, '192.168.1.86', '2026-05-04T13:00:00+00');
INSERT INTO login_history (user_type, user_id, ip_address, login_time) VALUES ('customer', 86, '192.168.1.87', '2026-05-04T14:00:00+00');
INSERT INTO login_history (user_type, user_id, ip_address, login_time) VALUES ('driver', 17, '192.168.1.88', '2026-05-04T15:00:00+00');
INSERT INTO login_history (user_type, user_id, ip_address, login_time) VALUES ('customer', 88, '192.168.1.89', '2026-05-04T16:00:00+00');
INSERT INTO login_history (user_type, user_id, ip_address, login_time) VALUES ('driver', 19, '192.168.1.90', '2026-05-04T17:00:00+00');
INSERT INTO login_history (user_type, user_id, ip_address, login_time) VALUES ('customer', 90, '192.168.1.91', '2026-05-04T18:00:00+00');
INSERT INTO login_history (user_type, user_id, ip_address, login_time) VALUES ('driver', 21, '192.168.1.92', '2026-05-04T19:00:00+00');
INSERT INTO login_history (user_type, user_id, ip_address, login_time) VALUES ('customer', 92, '192.168.1.93', '2026-05-04T20:00:00+00');
INSERT INTO login_history (user_type, user_id, ip_address, login_time) VALUES ('driver', 23, '192.168.1.94', '2026-05-04T21:00:00+00');
INSERT INTO login_history (user_type, user_id, ip_address, login_time) VALUES ('customer', 94, '192.168.1.95', '2026-05-04T22:00:00+00');
INSERT INTO login_history (user_type, user_id, ip_address, login_time) VALUES ('driver', 25, '192.168.1.96', '2026-05-04T23:00:00+00');
INSERT INTO login_history (user_type, user_id, ip_address, login_time) VALUES ('customer', 96, '192.168.1.97', '2026-05-05T00:00:00+00');
INSERT INTO login_history (user_type, user_id, ip_address, login_time) VALUES ('driver', 27, '192.168.1.98', '2026-05-05T01:00:00+00');
INSERT INTO login_history (user_type, user_id, ip_address, login_time) VALUES ('customer', 98, '192.168.1.99', '2026-05-05T02:00:00+00');
INSERT INTO login_history (user_type, user_id, ip_address, login_time) VALUES ('driver', 29, '192.168.1.100', '2026-05-05T03:00:00+00');
INSERT INTO login_history (user_type, user_id, ip_address, login_time) VALUES ('customer', 100, '192.168.1.101', '2026-05-05T04:00:00+00');

-- audit_log
INSERT INTO audit_log (user_type, user_id, action, metadata, log_timestamp) VALUES ('driver', 1, 'payment', '{"source": "web", "request_id": null}'::jsonb, '2026-05-10T00:01:00+00');
INSERT INTO audit_log (user_type, user_id, action, metadata, log_timestamp) VALUES ('customer', 2, 'update_profile', '{"source": "web", "request_id": null}'::jsonb, '2026-05-10T00:02:00+00');
INSERT INTO audit_log (user_type, user_id, action, metadata, log_timestamp) VALUES ('driver', 3, 'login', '{"source": "web", "request_id": 3}'::jsonb, '2026-05-10T00:03:00+00');
INSERT INTO audit_log (user_type, user_id, action, metadata, log_timestamp) VALUES ('customer', 4, 'accept_dispatch', '{"source": "web", "request_id": null}'::jsonb, '2026-05-10T00:04:00+00');
INSERT INTO audit_log (user_type, user_id, action, metadata, log_timestamp) VALUES ('driver', 5, 'login', '{"source": "web", "request_id": null}'::jsonb, '2026-05-10T00:05:00+00');
INSERT INTO audit_log (user_type, user_id, action, metadata, log_timestamp) VALUES ('customer', 6, 'login', '{"source": "web", "request_id": 6}'::jsonb, '2026-05-10T00:06:00+00');
INSERT INTO audit_log (user_type, user_id, action, metadata, log_timestamp) VALUES ('driver', 7, 'accept_dispatch', '{"source": "web", "request_id": null}'::jsonb, '2026-05-10T00:07:00+00');
INSERT INTO audit_log (user_type, user_id, action, metadata, log_timestamp) VALUES ('customer', 8, 'accept_dispatch', '{"source": "web", "request_id": null}'::jsonb, '2026-05-10T00:08:00+00');
INSERT INTO audit_log (user_type, user_id, action, metadata, log_timestamp) VALUES ('driver', 9, 'logout', '{"source": "web", "request_id": 9}'::jsonb, '2026-05-10T00:09:00+00');
INSERT INTO audit_log (user_type, user_id, action, metadata, log_timestamp) VALUES ('customer', 10, 'accept_dispatch', '{"source": "web", "request_id": null}'::jsonb, '2026-05-10T00:10:00+00');
INSERT INTO audit_log (user_type, user_id, action, metadata, log_timestamp) VALUES ('driver', 11, 'accept_dispatch', '{"source": "web", "request_id": null}'::jsonb, '2026-05-10T00:11:00+00');
INSERT INTO audit_log (user_type, user_id, action, metadata, log_timestamp) VALUES ('customer', 12, 'logout', '{"source": "web", "request_id": 12}'::jsonb, '2026-05-10T00:12:00+00');
INSERT INTO audit_log (user_type, user_id, action, metadata, log_timestamp) VALUES ('driver', 13, 'logout', '{"source": "web", "request_id": null}'::jsonb, '2026-05-10T00:13:00+00');
INSERT INTO audit_log (user_type, user_id, action, metadata, log_timestamp) VALUES ('customer', 14, 'update_profile', '{"source": "web", "request_id": null}'::jsonb, '2026-05-10T00:14:00+00');
INSERT INTO audit_log (user_type, user_id, action, metadata, log_timestamp) VALUES ('driver', 15, 'accept_dispatch', '{"source": "web", "request_id": 15}'::jsonb, '2026-05-10T00:15:00+00');
INSERT INTO audit_log (user_type, user_id, action, metadata, log_timestamp) VALUES ('customer', 16, 'create_ride_request', '{"source": "web", "request_id": null}'::jsonb, '2026-05-10T00:16:00+00');
INSERT INTO audit_log (user_type, user_id, action, metadata, log_timestamp) VALUES ('driver', 17, 'login', '{"source": "web", "request_id": null}'::jsonb, '2026-05-10T00:17:00+00');
INSERT INTO audit_log (user_type, user_id, action, metadata, log_timestamp) VALUES ('customer', 18, 'payment', '{"source": "web", "request_id": 18}'::jsonb, '2026-05-10T00:18:00+00');
INSERT INTO audit_log (user_type, user_id, action, metadata, log_timestamp) VALUES ('driver', 19, 'logout', '{"source": "web", "request_id": null}'::jsonb, '2026-05-10T00:19:00+00');
INSERT INTO audit_log (user_type, user_id, action, metadata, log_timestamp) VALUES ('customer', 20, 'payment', '{"source": "web", "request_id": null}'::jsonb, '2026-05-10T00:20:00+00');
INSERT INTO audit_log (user_type, user_id, action, metadata, log_timestamp) VALUES ('driver', 21, 'accept_dispatch', '{"source": "web", "request_id": 21}'::jsonb, '2026-05-10T00:21:00+00');
INSERT INTO audit_log (user_type, user_id, action, metadata, log_timestamp) VALUES ('customer', 22, 'create_ride_request', '{"source": "web", "request_id": null}'::jsonb, '2026-05-10T00:22:00+00');
INSERT INTO audit_log (user_type, user_id, action, metadata, log_timestamp) VALUES ('driver', 23, 'login', '{"source": "web", "request_id": null}'::jsonb, '2026-05-10T00:23:00+00');
INSERT INTO audit_log (user_type, user_id, action, metadata, log_timestamp) VALUES ('customer', 24, 'accept_dispatch', '{"source": "web", "request_id": 24}'::jsonb, '2026-05-10T00:24:00+00');
INSERT INTO audit_log (user_type, user_id, action, metadata, log_timestamp) VALUES ('driver', 25, 'create_ride_request', '{"source": "web", "request_id": null}'::jsonb, '2026-05-10T00:25:00+00');
INSERT INTO audit_log (user_type, user_id, action, metadata, log_timestamp) VALUES ('customer', 26, 'login', '{"source": "web", "request_id": null}'::jsonb, '2026-05-10T00:26:00+00');
INSERT INTO audit_log (user_type, user_id, action, metadata, log_timestamp) VALUES ('driver', 27, 'create_ride_request', '{"source": "web", "request_id": 27}'::jsonb, '2026-05-10T00:27:00+00');
INSERT INTO audit_log (user_type, user_id, action, metadata, log_timestamp) VALUES ('customer', 28, 'logout', '{"source": "web", "request_id": null}'::jsonb, '2026-05-10T00:28:00+00');
INSERT INTO audit_log (user_type, user_id, action, metadata, log_timestamp) VALUES ('driver', 29, 'accept_dispatch', '{"source": "web", "request_id": null}'::jsonb, '2026-05-10T00:29:00+00');
INSERT INTO audit_log (user_type, user_id, action, metadata, log_timestamp) VALUES ('customer', 30, 'create_ride_request', '{"source": "web", "request_id": 30}'::jsonb, '2026-05-10T00:30:00+00');
INSERT INTO audit_log (user_type, user_id, action, metadata, log_timestamp) VALUES ('driver', 31, 'create_ride_request', '{"source": "web", "request_id": null}'::jsonb, '2026-05-10T00:31:00+00');
INSERT INTO audit_log (user_type, user_id, action, metadata, log_timestamp) VALUES ('customer', 32, 'accept_dispatch', '{"source": "web", "request_id": null}'::jsonb, '2026-05-10T00:32:00+00');
INSERT INTO audit_log (user_type, user_id, action, metadata, log_timestamp) VALUES ('driver', 33, 'login', '{"source": "web", "request_id": 33}'::jsonb, '2026-05-10T00:33:00+00');
INSERT INTO audit_log (user_type, user_id, action, metadata, log_timestamp) VALUES ('customer', 34, 'accept_dispatch', '{"source": "web", "request_id": null}'::jsonb, '2026-05-10T00:34:00+00');
INSERT INTO audit_log (user_type, user_id, action, metadata, log_timestamp) VALUES ('driver', 35, 'create_ride_request', '{"source": "web", "request_id": null}'::jsonb, '2026-05-10T00:35:00+00');
INSERT INTO audit_log (user_type, user_id, action, metadata, log_timestamp) VALUES ('customer', 36, 'payment', '{"source": "web", "request_id": 36}'::jsonb, '2026-05-10T00:36:00+00');
INSERT INTO audit_log (user_type, user_id, action, metadata, log_timestamp) VALUES ('driver', 37, 'update_profile', '{"source": "web", "request_id": null}'::jsonb, '2026-05-10T00:37:00+00');
INSERT INTO audit_log (user_type, user_id, action, metadata, log_timestamp) VALUES ('customer', 38, 'payment', '{"source": "web", "request_id": null}'::jsonb, '2026-05-10T00:38:00+00');
INSERT INTO audit_log (user_type, user_id, action, metadata, log_timestamp) VALUES ('driver', 39, 'login', '{"source": "web", "request_id": 39}'::jsonb, '2026-05-10T00:39:00+00');
INSERT INTO audit_log (user_type, user_id, action, metadata, log_timestamp) VALUES ('customer', 40, 'create_ride_request', '{"source": "web", "request_id": null}'::jsonb, '2026-05-10T00:40:00+00');
INSERT INTO audit_log (user_type, user_id, action, metadata, log_timestamp) VALUES ('driver', 41, 'update_profile', '{"source": "web", "request_id": null}'::jsonb, '2026-05-10T00:41:00+00');
INSERT INTO audit_log (user_type, user_id, action, metadata, log_timestamp) VALUES ('customer', 42, 'login', '{"source": "web", "request_id": 42}'::jsonb, '2026-05-10T00:42:00+00');
INSERT INTO audit_log (user_type, user_id, action, metadata, log_timestamp) VALUES ('driver', 43, 'payment', '{"source": "web", "request_id": null}'::jsonb, '2026-05-10T00:43:00+00');
INSERT INTO audit_log (user_type, user_id, action, metadata, log_timestamp) VALUES ('customer', 44, 'logout', '{"source": "web", "request_id": null}'::jsonb, '2026-05-10T00:44:00+00');
INSERT INTO audit_log (user_type, user_id, action, metadata, log_timestamp) VALUES ('driver', 45, 'accept_dispatch', '{"source": "web", "request_id": 45}'::jsonb, '2026-05-10T00:45:00+00');
INSERT INTO audit_log (user_type, user_id, action, metadata, log_timestamp) VALUES ('customer', 46, 'login', '{"source": "web", "request_id": null}'::jsonb, '2026-05-10T00:46:00+00');
INSERT INTO audit_log (user_type, user_id, action, metadata, log_timestamp) VALUES ('driver', 47, 'login', '{"source": "web", "request_id": null}'::jsonb, '2026-05-10T00:47:00+00');
INSERT INTO audit_log (user_type, user_id, action, metadata, log_timestamp) VALUES ('customer', 48, 'create_ride_request', '{"source": "web", "request_id": 48}'::jsonb, '2026-05-10T00:48:00+00');
INSERT INTO audit_log (user_type, user_id, action, metadata, log_timestamp) VALUES ('driver', 49, 'update_profile', '{"source": "web", "request_id": null}'::jsonb, '2026-05-10T00:49:00+00');
INSERT INTO audit_log (user_type, user_id, action, metadata, log_timestamp) VALUES ('customer', 50, 'payment', '{"source": "web", "request_id": null}'::jsonb, '2026-05-10T00:50:00+00');
INSERT INTO audit_log (user_type, user_id, action, metadata, log_timestamp) VALUES ('driver', 51, 'login', '{"source": "web", "request_id": 51}'::jsonb, '2026-05-10T00:51:00+00');
INSERT INTO audit_log (user_type, user_id, action, metadata, log_timestamp) VALUES ('customer', 52, 'accept_dispatch', '{"source": "web", "request_id": null}'::jsonb, '2026-05-10T00:52:00+00');
INSERT INTO audit_log (user_type, user_id, action, metadata, log_timestamp) VALUES ('driver', 53, 'login', '{"source": "web", "request_id": null}'::jsonb, '2026-05-10T00:53:00+00');
INSERT INTO audit_log (user_type, user_id, action, metadata, log_timestamp) VALUES ('customer', 54, 'login', '{"source": "web", "request_id": 54}'::jsonb, '2026-05-10T00:54:00+00');
INSERT INTO audit_log (user_type, user_id, action, metadata, log_timestamp) VALUES ('driver', 55, 'create_ride_request', '{"source": "web", "request_id": null}'::jsonb, '2026-05-10T00:55:00+00');
INSERT INTO audit_log (user_type, user_id, action, metadata, log_timestamp) VALUES ('customer', 56, 'login', '{"source": "web", "request_id": null}'::jsonb, '2026-05-10T00:56:00+00');
INSERT INTO audit_log (user_type, user_id, action, metadata, log_timestamp) VALUES ('driver', 57, 'update_profile', '{"source": "web", "request_id": 57}'::jsonb, '2026-05-10T00:57:00+00');
INSERT INTO audit_log (user_type, user_id, action, metadata, log_timestamp) VALUES ('customer', 58, 'create_ride_request', '{"source": "web", "request_id": null}'::jsonb, '2026-05-10T00:58:00+00');
INSERT INTO audit_log (user_type, user_id, action, metadata, log_timestamp) VALUES ('driver', 59, 'logout', '{"source": "web", "request_id": null}'::jsonb, '2026-05-10T00:59:00+00');
INSERT INTO audit_log (user_type, user_id, action, metadata, log_timestamp) VALUES ('customer', 60, 'logout', '{"source": "web", "request_id": 60}'::jsonb, '2026-05-10T01:00:00+00');
INSERT INTO audit_log (user_type, user_id, action, metadata, log_timestamp) VALUES ('driver', 61, 'payment', '{"source": "web", "request_id": null}'::jsonb, '2026-05-10T01:01:00+00');
INSERT INTO audit_log (user_type, user_id, action, metadata, log_timestamp) VALUES ('customer', 62, 'payment', '{"source": "web", "request_id": null}'::jsonb, '2026-05-10T01:02:00+00');
INSERT INTO audit_log (user_type, user_id, action, metadata, log_timestamp) VALUES ('driver', 63, 'payment', '{"source": "web", "request_id": 63}'::jsonb, '2026-05-10T01:03:00+00');
INSERT INTO audit_log (user_type, user_id, action, metadata, log_timestamp) VALUES ('customer', 64, 'create_ride_request', '{"source": "web", "request_id": null}'::jsonb, '2026-05-10T01:04:00+00');
INSERT INTO audit_log (user_type, user_id, action, metadata, log_timestamp) VALUES ('driver', 65, 'update_profile', '{"source": "web", "request_id": null}'::jsonb, '2026-05-10T01:05:00+00');
INSERT INTO audit_log (user_type, user_id, action, metadata, log_timestamp) VALUES ('customer', 66, 'create_ride_request', '{"source": "web", "request_id": 66}'::jsonb, '2026-05-10T01:06:00+00');
INSERT INTO audit_log (user_type, user_id, action, metadata, log_timestamp) VALUES ('driver', 67, 'create_ride_request', '{"source": "web", "request_id": null}'::jsonb, '2026-05-10T01:07:00+00');
INSERT INTO audit_log (user_type, user_id, action, metadata, log_timestamp) VALUES ('customer', 68, 'create_ride_request', '{"source": "web", "request_id": null}'::jsonb, '2026-05-10T01:08:00+00');
INSERT INTO audit_log (user_type, user_id, action, metadata, log_timestamp) VALUES ('driver', 69, 'create_ride_request', '{"source": "web", "request_id": 69}'::jsonb, '2026-05-10T01:09:00+00');
INSERT INTO audit_log (user_type, user_id, action, metadata, log_timestamp) VALUES ('customer', 70, 'login', '{"source": "web", "request_id": null}'::jsonb, '2026-05-10T01:10:00+00');
INSERT INTO audit_log (user_type, user_id, action, metadata, log_timestamp) VALUES ('driver', 1, 'payment', '{"source": "web", "request_id": null}'::jsonb, '2026-05-10T01:11:00+00');
INSERT INTO audit_log (user_type, user_id, action, metadata, log_timestamp) VALUES ('customer', 72, 'payment', '{"source": "web", "request_id": 72}'::jsonb, '2026-05-10T01:12:00+00');
INSERT INTO audit_log (user_type, user_id, action, metadata, log_timestamp) VALUES ('driver', 3, 'accept_dispatch', '{"source": "web", "request_id": null}'::jsonb, '2026-05-10T01:13:00+00');
INSERT INTO audit_log (user_type, user_id, action, metadata, log_timestamp) VALUES ('customer', 74, 'logout', '{"source": "web", "request_id": null}'::jsonb, '2026-05-10T01:14:00+00');
INSERT INTO audit_log (user_type, user_id, action, metadata, log_timestamp) VALUES ('driver', 5, 'payment', '{"source": "web", "request_id": 75}'::jsonb, '2026-05-10T01:15:00+00');
INSERT INTO audit_log (user_type, user_id, action, metadata, log_timestamp) VALUES ('customer', 76, 'update_profile', '{"source": "web", "request_id": null}'::jsonb, '2026-05-10T01:16:00+00');
INSERT INTO audit_log (user_type, user_id, action, metadata, log_timestamp) VALUES ('driver', 7, 'login', '{"source": "web", "request_id": null}'::jsonb, '2026-05-10T01:17:00+00');
INSERT INTO audit_log (user_type, user_id, action, metadata, log_timestamp) VALUES ('customer', 78, 'logout', '{"source": "web", "request_id": 78}'::jsonb, '2026-05-10T01:18:00+00');
INSERT INTO audit_log (user_type, user_id, action, metadata, log_timestamp) VALUES ('driver', 9, 'accept_dispatch', '{"source": "web", "request_id": null}'::jsonb, '2026-05-10T01:19:00+00');
INSERT INTO audit_log (user_type, user_id, action, metadata, log_timestamp) VALUES ('customer', 80, 'create_ride_request', '{"source": "web", "request_id": null}'::jsonb, '2026-05-10T01:20:00+00');
INSERT INTO audit_log (user_type, user_id, action, metadata, log_timestamp) VALUES ('driver', 11, 'accept_dispatch', '{"source": "web", "request_id": 81}'::jsonb, '2026-05-10T01:21:00+00');
INSERT INTO audit_log (user_type, user_id, action, metadata, log_timestamp) VALUES ('customer', 82, 'logout', '{"source": "web", "request_id": null}'::jsonb, '2026-05-10T01:22:00+00');
INSERT INTO audit_log (user_type, user_id, action, metadata, log_timestamp) VALUES ('driver', 13, 'payment', '{"source": "web", "request_id": null}'::jsonb, '2026-05-10T01:23:00+00');
INSERT INTO audit_log (user_type, user_id, action, metadata, log_timestamp) VALUES ('customer', 84, 'logout', '{"source": "web", "request_id": 84}'::jsonb, '2026-05-10T01:24:00+00');
INSERT INTO audit_log (user_type, user_id, action, metadata, log_timestamp) VALUES ('driver', 15, 'login', '{"source": "web", "request_id": null}'::jsonb, '2026-05-10T01:25:00+00');
INSERT INTO audit_log (user_type, user_id, action, metadata, log_timestamp) VALUES ('customer', 86, 'login', '{"source": "web", "request_id": null}'::jsonb, '2026-05-10T01:26:00+00');
INSERT INTO audit_log (user_type, user_id, action, metadata, log_timestamp) VALUES ('driver', 17, 'update_profile', '{"source": "web", "request_id": 87}'::jsonb, '2026-05-10T01:27:00+00');
INSERT INTO audit_log (user_type, user_id, action, metadata, log_timestamp) VALUES ('customer', 88, 'create_ride_request', '{"source": "web", "request_id": null}'::jsonb, '2026-05-10T01:28:00+00');
INSERT INTO audit_log (user_type, user_id, action, metadata, log_timestamp) VALUES ('driver', 19, 'payment', '{"source": "web", "request_id": null}'::jsonb, '2026-05-10T01:29:00+00');
INSERT INTO audit_log (user_type, user_id, action, metadata, log_timestamp) VALUES ('customer', 90, 'payment', '{"source": "web", "request_id": 90}'::jsonb, '2026-05-10T01:30:00+00');
INSERT INTO audit_log (user_type, user_id, action, metadata, log_timestamp) VALUES ('driver', 21, 'accept_dispatch', '{"source": "web", "request_id": null}'::jsonb, '2026-05-10T01:31:00+00');
INSERT INTO audit_log (user_type, user_id, action, metadata, log_timestamp) VALUES ('customer', 92, 'create_ride_request', '{"source": "web", "request_id": null}'::jsonb, '2026-05-10T01:32:00+00');
INSERT INTO audit_log (user_type, user_id, action, metadata, log_timestamp) VALUES ('driver', 23, 'accept_dispatch', '{"source": "web", "request_id": 93}'::jsonb, '2026-05-10T01:33:00+00');
INSERT INTO audit_log (user_type, user_id, action, metadata, log_timestamp) VALUES ('customer', 94, 'create_ride_request', '{"source": "web", "request_id": null}'::jsonb, '2026-05-10T01:34:00+00');
INSERT INTO audit_log (user_type, user_id, action, metadata, log_timestamp) VALUES ('driver', 25, 'logout', '{"source": "web", "request_id": null}'::jsonb, '2026-05-10T01:35:00+00');
INSERT INTO audit_log (user_type, user_id, action, metadata, log_timestamp) VALUES ('customer', 96, 'logout', '{"source": "web", "request_id": 96}'::jsonb, '2026-05-10T01:36:00+00');
INSERT INTO audit_log (user_type, user_id, action, metadata, log_timestamp) VALUES ('driver', 27, 'create_ride_request', '{"source": "web", "request_id": null}'::jsonb, '2026-05-10T01:37:00+00');
INSERT INTO audit_log (user_type, user_id, action, metadata, log_timestamp) VALUES ('customer', 98, 'update_profile', '{"source": "web", "request_id": null}'::jsonb, '2026-05-10T01:38:00+00');
INSERT INTO audit_log (user_type, user_id, action, metadata, log_timestamp) VALUES ('driver', 29, 'logout', '{"source": "web", "request_id": 99}'::jsonb, '2026-05-10T01:39:00+00');
INSERT INTO audit_log (user_type, user_id, action, metadata, log_timestamp) VALUES ('customer', 100, 'update_profile', '{"source": "web", "request_id": null}'::jsonb, '2026-05-10T01:40:00+00');

-- Dev accounts: admin1/admin123, mod1-mod4/admin123, customerN & driverN/password123
